subject_id,classification_id,user_name,blade_tip: point,sinus_major: point #1,sinus_major: point #2,sinus_major: point #3,sinus_major: point #4,sinus_major: point #5,sinus_major: point #6,sinus_major: point #7,sinus_major: point #8,sinus_major: point #9,sinus_major: point #10,sinus_major: point #11,sinus_major: point #12,sinus_major: point #13,sinus_major: point #14,sinus_major: point #15,sinus_major: point #16,sinus_major: point #17,sinus_major: point #18,lobe_tip_margin: point #1,lobe_tip_margin: point #2,lobe_tip_margin: point #3,lobe_tip_margin: point #4,lobe_tip_margin: point #5,lobe_tip_margin: point #6,lobe_tip_margin: point #7,lobe_tip_margin: point #8,lobe_tip_margin: point #9,lobe_tip_margin: point #10,lobe_tip_margin: point #11,lobe_tip_margin: point #12,lobe_tip_margin: point #13,lobe_tip_margin: point #14,lobe_tip_margin: point #15,lobe_tip_margin: point #16,lobe_tip_margin: point #17,petiole_tip: point,petiole_blade: point,minor_secondary: point #1,minor_secondary: point #2,minor_secondary: point #3,minor_secondary: point #4,minor_secondary: point #5,minor_secondary: point #6,minor_secondary: point #7,minor_secondary: point #8,minor_secondary: point #9,minor_secondary: point #10,minor_secondary: point #11,minor_secondary: point #12,minor_secondary: point #13,minor_secondary: point #14,minor_secondary: point #15,minor_secondary: point #16,minor_secondary: point #17,minor_secondary: point #18,minor_secondary: point #19,minor_secondary: point #20,minor_secondary: point #21,minor_secondary: point #22,minor_secondary: point #23,minor_secondary: point #24,minor_secondary: point #25,minor_secondary: point #26,minor_secondary: point #27,major_secondary: point #1,major_secondary: point #2,major_secondary: point #3,major_secondary: point #4,major_secondary: point #5,major_secondary: point #6,major_secondary: point #7,major_secondary: point #8,major_secondary: point #9,major_secondary: point #10,major_secondary: point #11,major_secondary: point #12,major_secondary: point #13,major_secondary: point #14,major_secondary: point #15,major_secondary: point #16,major_secondary: point #17,max_width: line,min_width: line,next_width: line,subject_Filename,workflow_id,workflow_name,workflow_version,created_at,gold_standard,expert,classification_started_at,classification_finished_at
63028212,344651524,jaimeriverajorge,"{""x"": 507, ""y"": 83}","{""x"": 513, ""y"": 398}","{""x"": 490, ""y"": 670}","{""x"": 551, ""y"": 767}","{""x"": 359, ""y"": 791}","{""x"": 403, ""y"": 659}","{""x"": 378, ""y"": 431}","{""x"": 418, ""y"": 118}","{""x"": 509, ""y"": 143}",,,,,,,,,,,"{""x"": 677, ""y"": 241}","{""x"": 653, ""y"": 612}","{""x"": 597, ""y"": 742}","{""x"": 294, ""y"": 812}","{""x"": 218, ""y"": 677}","{""x"": 49, ""y"": 329}","{""x"": 518, ""y"": 120}","{""x"": 369, ""y"": 103}",,,,,,,,,,"{""x"": 492, ""y"": 1206}","{""x"": 500, ""y"": 1043}","{""x"": 502, ""y"": 1035}","{""x"": 496, ""y"": 1021}","{""x"": 500, ""y"": 1015}","{""x"": 499, ""y"": 1002}","{""x"": 492, ""y"": 991}","{""x"": 496, ""y"": 963}","{""x"": 486, ""y"": 951}","{""x"": 470, ""y"": 846}","{""x"": 475, ""y"": 836}","{""x"": 462, ""y"": 735}","{""x"": 454, ""y"": 729}","{""x"": 455, ""y"": 682}","{""x"": 447, ""y"": 662}","{""x"": 451, ""y"": 648}","{""x"": 436, ""y"": 518}","{""x"": 440, ""y"": 486}","{""x"": 437, ""y"": 426}","{""x"": 447, ""y"": 384}","{""x"": 443, ""y"": 372}","{""x"": 458, ""y"": 278}","{""x"": 456, ""y"": 208}","{""x"": 491, ""y"": 107}","{""x"": 478, ""y"": 134}","{""x"": 489, ""y"": 121}",,,,"{""x"": 479, ""y"": 906}","{""x"": 489, ""y"": 925}","{""x"": 472, ""y"": 817}","{""x"": 464, ""y"": 805}","{""x"": 445, ""y"": 595}","{""x"": 438, ""y"": 593}","{""x"": 449, ""y"": 346}","{""x"": 449, ""y"": 288}",,,,,,,,,,"{""x1"": 49, ""y1"": 329, ""x2"": 677, ""y2"": 240}","{""x1"": 403, ""y1"": 659, ""x2"": 490, ""y2"": 670}","{""x1"": 378, ""y1"": 431, ""x2"": 513, ""y2"": 399}",IA-MG243-S-A.jpg,18849,Oak Landmark (beta),55.76,2021-07-06 15:49:57 UTC,,,7/6/2021 15:38,7/6/2021 15:49
63028233,344530081,jaimeriverajorge,"{""x"": 277, ""y"": 15}","{""x"": 293, ""y"": 37}","{""x"": 352, ""y"": 46}","{""x"": 399, ""y"": 85}","{""x"": 460, ""y"": 147}","{""x"": 505, ""y"": 309}","{""x"": 433, ""y"": 627}","{""x"": 471, ""y"": 770}","{""x"": 315, ""y"": 834}","{""x"": 330, ""y"": 717}","{""x"": 353, ""y"": 588}","{""x"": 197, ""y"": 297}","{""x"": 222, ""y"": 213}","{""x"": 245, ""y"": 157}","{""x"": 256, ""y"": 79}","{""x"": 273, ""y"": 48}",,,,"{""x"": 478, ""y"": 775}","{""x"": 682, ""y"": 585}","{""x"": 649, ""y"": 331}","{""x"": 547, ""y"": 104}","{""x"": 429, ""y"": 64}","{""x"": 363, ""y"": 34}","{""x"": 302, ""y"": 32}","{""x"": 259, ""y"": 41}","{""x"": 221, ""y"": 86}","{""x"": 196, ""y"": 158}","{""x"": 133, ""y"": 195}","{""x"": 59, ""y"": 348}","{""x"": 144, ""y"": 680}","{""x"": 200, ""y"": 770}","{""x"": 295, ""y"": 848}",,,"{""x"": 470, ""y"": 1161}","{""x"": 429, ""y"": 1001}","{""x"": 428, ""y"": 978}","{""x"": 421, ""y"": 985}","{""x"": 417, ""y"": 956}","{""x"": 421, ""y"": 942}","{""x"": 410, ""y"": 827}","{""x"": 408, ""y"": 785}","{""x"": 402, ""y"": 771}","{""x"": 406, ""y"": 680}","{""x"": 400, ""y"": 659}","{""x"": 404, ""y"": 644}","{""x"": 402, ""y"": 629}","{""x"": 396, ""y"": 618}","{""x"": 401, ""y"": 611}","{""x"": 394, ""y"": 591}","{""x"": 398, ""y"": 564}","{""x"": 391, ""y"": 566}",,,,,,,,,,,,"{""x"": 415, ""y"": 886}","{""x"": 409, ""y"": 895}","{""x"": 404, ""y"": 832}","{""x"": 408, ""y"": 737}","{""x"": 401, ""y"": 715}","{""x"": 396, ""y"": 552}","{""x"": 389, ""y"": 540}","{""x"": 383, ""y"": 421}","{""x"": 379, ""y"": 421}","{""x"": 368, ""y"": 337}","{""x"": 369, ""y"": 323}","{""x"": 337, ""y"": 208}","{""x"": 341, ""y"": 206}","{""x"": 318, ""y"": 107}","{""x"": 310, ""y"": 97}",,,"{""x1"": 60, ""y1"": 348, ""x2"": 649, ""y2"": 331}","{""x1"": 353, ""y1"": 589, ""x2"": 433, ""y2"": 627}","{""x1"": 197, ""y1"": 297, ""x2"": 505, ""y2"": 309}",IA-MG245-E-B.jpg,18849,Oak Landmark (beta),55.76,2021-07-05 20:01:49 UTC,,,7/5/2021 19:41,7/5/2021 20:01
63028238,345039684,jaimeriverajorge,"{""x"": 230, ""y"": 143}","{""x"": 309, ""y"": 167}","{""x"": 383, ""y"": 255}","{""x"": 471, ""y"": 382}","{""x"": 591, ""y"": 394}","{""x"": 515, ""y"": 776}","{""x"": 570, ""y"": 869}","{""x"": 579, ""y"": 975}","{""x"": 433, ""y"": 1022}","{""x"": 416, ""y"": 938}","{""x"": 436, ""y"": 812}","{""x"": 316, ""y"": 585}","{""x"": 298, ""y"": 448}","{""x"": 272, ""y"": 320}","{""x"": 245, ""y"": 225}",,,,,"{""x"": 318, ""y"": 154}","{""x"": 459, ""y"": 158}","{""x"": 603, ""y"": 258}","{""x"": 709, ""y"": 307}","{""x"": 662, ""y"": 701}","{""x"": 646, ""y"": 891}","{""x"": 609, ""y"": 972}","{""x"": 417, ""y"": 1032}","{""x"": 376, ""y"": 952}","{""x"": 282, ""y"": 831}","{""x"": 79, ""y"": 522}","{""x"": 96, ""y"": 450}","{""x"": 160, ""y"": 327}","{""x"": 208, ""y"": 230}",,,,"{""x"": 569, ""y"": 1297}","{""x"": 541, ""y"": 1177}","{""x"": 544, ""y"": 1170}","{""x"": 534, ""y"": 1168}","{""x"": 536, ""y"": 1130}","{""x"": 528, ""y"": 1132}","{""x"": 498, ""y"": 972}","{""x"": 500, ""y"": 935}","{""x"": 486, ""y"": 874}","{""x"": 487, ""y"": 818}","{""x"": 482, ""y"": 826}","{""x"": 486, ""y"": 802}","{""x"": 479, ""y"": 806}","{""x"": 485, ""y"": 779}","{""x"": 480, ""y"": 736}","{""x"": 460, ""y"": 666}","{""x"": 429, ""y"": 512}","{""x"": 426, ""y"": 519}","{""x"": 389, ""y"": 409}","{""x"": 382, ""y"": 378}","{""x"": 301, ""y"": 236}","{""x"": 282, ""y"": 199}","{""x"": 252, ""y"": 166}",,,,,,,"{""x"": 523, ""y"": 1069}","{""x"": 517, ""y"": 1074}","{""x"": 508, ""y"": 988}","{""x"": 504, ""y"": 1011}","{""x"": 492, ""y"": 927}","{""x"": 494, ""y"": 886}","{""x"": 477, ""y"": 775}","{""x"": 476, ""y"": 706}","{""x"": 450, ""y"": 628}","{""x"": 451, ""y"": 600}","{""x"": 415, ""y"": 486}","{""x"": 412, ""y"": 456}","{""x"": 357, ""y"": 328}","{""x"": 342, ""y"": 283}",,,,"{""x1"": 80, ""y1"": 522, ""x2"": 708, ""y2"": 308}","{""x1"": 436, ""y1"": 812, ""x2"": 515, ""y2"": 776}","{""x1"": 316, ""y1"": 585, ""x2"": 591, ""y2"": 394}",IA-MG245-S-B.jpg,18849,Oak Landmark (beta),55.76,2021-07-08 16:13:57 UTC,,,7/8/2021 15:58,7/8/2021 16:13
63028239,343654656,jaimeriverajorge,"{""x"": 385, ""y"": 42}","{""x"": 435, ""y"": 71}","{""x"": 495, ""y"": 65}","{""x"": 558, ""y"": 128}","{""x"": 642, ""y"": 156}","{""x"": 747, ""y"": 230}","{""x"": 839, ""y"": 331}","{""x"": 592, ""y"": 674}","{""x"": 648, ""y"": 816}","{""x"": 680, ""y"": 915}","{""x"": 498, ""y"": 983}","{""x"": 480, ""y"": 880}","{""x"": 509, ""y"": 733}","{""x"": 171, ""y"": 487}","{""x"": 229, ""y"": 396}","{""x"": 246, ""y"": 291}","{""x"": 273, ""y"": 213}","{""x"": 315, ""y"": 154}","{""x"": 365, ""y"": 87}","{""x"": 460, ""y"": 42}","{""x"": 524, ""y"": 37}","{""x"": 618, ""y"": 85}","{""x"": 729, ""y"": 98}","{""x"": 850, ""y"": 214}","{""x"": 841, ""y"": 650}","{""x"": 746, ""y"": 836}","{""x"": 717, ""y"": 928}","{""x"": 474, ""y"": 1005}","{""x"": 421, ""y"": 942}","{""x"": 296, ""y"": 824}","{""x"": 38, ""y"": 549}","{""x"": 118, ""y"": 386}","{""x"": 167, ""y"": 297}","{""x"": 215, ""y"": 217}","{""x"": 271, ""y"": 142}","{""x"": 322, ""y"": 80}","{""x"": 675, ""y"": 1229}","{""x"": 632, ""y"": 1112}","{""x"": 617, ""y"": 1078}","{""x"": 631, ""y"": 1093}","{""x"": 622, ""y"": 1059}","{""x"": 580, ""y"": 915}","{""x"": 581, ""y"": 872}","{""x"": 561, ""y"": 802}","{""x"": 553, ""y"": 754}","{""x"": 561, ""y"": 759}","{""x"": 554, ""y"": 703}","{""x"": 550, ""y"": 667}","{""x"": 412, ""y"": 118}","{""x"": 409, ""y"": 124}","{""x"": 403, ""y"": 86}","{""x"": 388, ""y"": 62}","{""x"": 391, ""y"": 56}","{""x"": 399, ""y"": 86}",,,,,,,,,,,,"{""x"": 603, ""y"": 1027}","{""x"": 606, ""y"": 998}","{""x"": 587, ""y"": 961}","{""x"": 592, ""y"": 932}","{""x"": 571, ""y"": 860}","{""x"": 570, ""y"": 810}","{""x"": 545, ""y"": 684}","{""x"": 545, ""y"": 626}","{""x"": 536, ""y"": 610}","{""x"": 533, ""y"": 559}","{""x"": 515, ""y"": 506}","{""x"": 508, ""y"": 443}","{""x"": 492, ""y"": 403}","{""x"": 456, ""y"": 296}","{""x"": 455, ""y"": 268}","{""x"": 429, ""y"": 201}","{""x"": 429, ""y"": 180}","{""x1"": 40, ""y1"": 548, ""x2"": 849, ""y2"": 214}","{""x1"": 509, ""y1"": 732, ""x2"": 593, ""y2"": 674}","{""x1"": 169, ""y1"": 488, ""x2"": 839, ""y2"": 333}",IA-MG245-W-A.jpg,18849,Oak Landmark (beta),55.76,2021-06-30 01:02:01 UTC,,,6/30/2021 0:44,6/30/2021 1:02
63028244,344026360,jaimeriverajorge,"{""x"": 396, ""y"": 19}","{""x"": 484, ""y"": 359}","{""x"": 528, ""y"": 662}","{""x"": 523, ""y"": 832}","{""x"": 565, ""y"": 930}","{""x"": 572, ""y"": 1003}","{""x"": 494, ""y"": 939}","{""x"": 460, ""y"": 803}","{""x"": 400, ""y"": 589}","{""x"": 221, ""y"": 542}","{""x"": 139, ""y"": 467}","{""x"": 324, ""y"": 86}",,,,,,,,"{""x"": 776, ""y"": 159}","{""x"": 799, ""y"": 699}","{""x"": 630, ""y"": 816}","{""x"": 599, ""y"": 935}","{""x"": 607, ""y"": 1005}","{""x"": 402, ""y"": 972}","{""x"": 258, ""y"": 861}","{""x"": 51, ""y"": 637}","{""x"": 235, ""y"": 597}","{""x"": 118, ""y"": 503}","{""x"": 120, ""y"": 226}",,,,,,,"{""x"": 572, ""y"": 1244}","{""x"": 553, ""y"": 1156}","{""x"": 555, ""y"": 1144}","{""x"": 543, ""y"": 1117}","{""x"": 548, ""y"": 1106}","{""x"": 533, ""y"": 1068}","{""x"": 532, ""y"": 1034}","{""x"": 528, ""y"": 1043}","{""x"": 517, ""y"": 961}","{""x"": 500, ""y"": 870}","{""x"": 494, ""y"": 838}","{""x"": 486, ""y"": 831}","{""x"": 479, ""y"": 788}","{""x"": 475, ""y"": 703}","{""x"": 473, ""y"": 678}","{""x"": 469, ""y"": 649}","{""x"": 460, ""y"": 641}","{""x"": 442, ""y"": 521}","{""x"": 408, ""y"": 373}","{""x"": 403, ""y"": 298}","{""x"": 398, ""y"": 242}","{""x"": 389, ""y"": 175}","{""x"": 398, ""y"": 116}","{""x"": 394, ""y"": 92}","{""x"": 399, ""y"": 56}","{""x"": 395, ""y"": 62}","{""x"": 395, ""y"": 37}",,,"{""x"": 540, ""y"": 1063}","{""x"": 526, ""y"": 999}","{""x"": 521, ""y"": 1008}","{""x"": 510, ""y"": 930}","{""x"": 498, ""y"": 894}","{""x"": 488, ""y"": 802}","{""x"": 474, ""y"": 751}","{""x"": 465, ""y"": 637}","{""x"": 447, ""y"": 585}","{""x"": 423, ""y"": 480}","{""x"": 419, ""y"": 463}",,,,,,,"{""x1"": 53, ""y1"": 638, ""x2"": 798, ""y2"": 698}","{""x1"": 460, ""y1"": 803, ""x2"": 523, ""y2"": 832}","{""x1"": 400, ""y1"": 589, ""x2"": 528, ""y2"": 661}",IL-MG603-N-A.jpg,18849,Oak Landmark (beta),55.76,2021-07-02 02:04:12 UTC,,,7/1/2021 21:13,7/2/2021 2:04
63028254,344834771,jaimeriverajorge,"{""x"": 367, ""y"": 62}","{""x"": 379, ""y"": 71}","{""x"": 401, ""y"": 78}","{""x"": 431, ""y"": 93}","{""x"": 492, ""y"": 139}","{""x"": 487, ""y"": 411}","{""x"": 460, ""y"": 565}","{""x"": 426, ""y"": 733}","{""x"": 480, ""y"": 904}","{""x"": 329, ""y"": 997}","{""x"": 315, ""y"": 888}","{""x"": 323, ""y"": 728}","{""x"": 291, ""y"": 449}","{""x"": 259, ""y"": 163}","{""x"": 340, ""y"": 78}","{""x"": 358, ""y"": 71}",,,,"{""x"": 412, ""y"": 73}","{""x"": 386, ""y"": 67}","{""x"": 447, ""y"": 87}","{""x"": 523, ""y"": 132}","{""x"": 672, ""y"": 531}","{""x"": 493, ""y"": 618}","{""x"": 529, ""y"": 706}","{""x"": 524, ""y"": 915}","{""x"": 316, ""y"": 1018}","{""x"": 252, ""y"": 907}","{""x"": 164, ""y"": 743}","{""x"": 51, ""y"": 470}","{""x"": 217, ""y"": 159}","{""x"": 326, ""y"": 76}","{""x"": 353, ""y"": 72}",,,"{""x"": 449, ""y"": 1280}","{""x"": 424, ""y"": 1162}","{""x"": 422, ""y"": 1126}","{""x"": 417, ""y"": 1124}","{""x"": 419, ""y"": 1100}","{""x"": 413, ""y"": 1092}","{""x"": 414, ""y"": 1063}","{""x"": 398, ""y"": 930}","{""x"": 397, ""y"": 921}","{""x"": 392, ""y"": 914}","{""x"": 388, ""y"": 884}","{""x"": 381, ""y"": 773}","{""x"": 375, ""y"": 764}","{""x"": 378, ""y"": 749}","{""x"": 371, ""y"": 733}","{""x"": 375, ""y"": 713}","{""x"": 368, ""y"": 693}","{""x"": 378, ""y"": 514}","{""x"": 388, ""y"": 476}","{""x"": 383, ""y"": 470}","{""x"": 393, ""y"": 428}","{""x"": 389, ""y"": 289}","{""x"": 373, ""y"": 122}",,,,,,,"{""x"": 409, ""y"": 1052}","{""x"": 407, ""y"": 1006}","{""x"": 402, ""y"": 992}","{""x"": 390, ""y"": 861}","{""x"": 382, ""y"": 841}","{""x"": 372, ""y"": 671}","{""x"": 364, ""y"": 627}","{""x"": 373, ""y"": 590}","{""x"": 388, ""y"": 429}","{""x"": 398, ""y"": 378}","{""x"": 389, ""y"": 257}","{""x"": 378, ""y"": 188}","{""x"": 379, ""y"": 173}","{""x"": 374, ""y"": 109}","{""x"": 371, ""y"": 107}",,,"{""x1"": 51, ""y1"": 471, ""x2"": 672, ""y2"": 530}","{""x1"": 323, ""y1"": 728, ""x2"": 426, ""y2"": 733}","{""x1"": 291, ""y1"": 449, ""x2"": 487, ""y2"": 411}",IL-MG604-N-B.jpg,18849,Oak Landmark (beta),55.76,2021-07-07 16:25:49 UTC,,,7/7/2021 16:02,7/7/2021 16:25
63028261,344525159,jaimeriverajorge,"{""x"": 517, ""y"": 49}","{""x"": 586, ""y"": 147}","{""x"": 763, ""y"": 250}","{""x"": 574, ""y"": 542}","{""x"": 573, ""y"": 698}","{""x"": 310, ""y"": 656}","{""x"": 417, ""y"": 555}","{""x"": 258, ""y"": 220}","{""x"": 404, ""y"": 137}",,,,,,,,,,,"{""x"": 693, ""y"": 124}","{""x"": 870, ""y"": 264}","{""x"": 810, ""y"": 606}","{""x"": 597, ""y"": 718}","{""x"": 266, ""y"": 705}","{""x"": 201, ""y"": 583}","{""x"": 304, ""y"": 103}","{""x"": 124, ""y"": 202}",,,,,,,,,,"{""x"": 414, ""y"": 1090}","{""x"": 438, ""y"": 904}","{""x"": 443, ""y"": 887}","{""x"": 437, ""y"": 884}","{""x"": 450, ""y"": 850}","{""x"": 442, ""y"": 838}","{""x"": 463, ""y"": 642}","{""x"": 476, ""y"": 610}","{""x"": 468, ""y"": 597}","{""x"": 491, ""y"": 286}","{""x"": 486, ""y"": 266}","{""x"": 499, ""y"": 193}","{""x"": 494, ""y"": 152}","{""x"": 507, ""y"": 84}","{""x"": 510, ""y"": 97}",,,,,,,,,,,,,,,"{""x"": 448, ""y"": 776}","{""x"": 457, ""y"": 775}","{""x"": 464, ""y"": 705}","{""x"": 456, ""y"": 704}","{""x"": 477, ""y"": 572}","{""x"": 471, ""y"": 564}","{""x"": 484, ""y"": 434}","{""x"": 478, ""y"": 411}",,,,,,,,,,"{""x1"": 124, ""y1"": 203, ""x2"": 869, ""y2"": 264}","{""x1"": 417, ""y1"": 555, ""x2"": 574, ""y2"": 543}","{""x1"": 257, ""y1"": 220, ""x2"": 762, ""y2"": 251}",IL-SF001-E-B.jpg,18849,Oak Landmark (beta),55.76,2021-07-05 19:29:28 UTC,,,7/5/2021 18:36,7/5/2021 19:29
63028268,345204269,jaimeriverajorge,"{""x"": 447, ""y"": 70}","{""x"": 556, ""y"": 156}","{""x"": 746, ""y"": 223}","{""x"": 524, ""y"": 587}","{""x"": 472, ""y"": 831}","{""x"": 381, ""y"": 815}","{""x"": 397, ""y"": 644}","{""x"": 191, ""y"": 268}","{""x"": 349, ""y"": 162}",,,,,,,,,,,"{""x"": 689, ""y"": 93}","{""x"": 849, ""y"": 230}","{""x"": 850, ""y"": 499}","{""x"": 702, ""y"": 803}","{""x"": 205, ""y"": 825}","{""x"": 103, ""y"": 518}","{""x"": 68, ""y"": 305}","{""x"": 254, ""y"": 135}",,,,,,,,,,"{""x"": 436, ""y"": 1274}","{""x"": 432, ""y"": 1086}","{""x"": 436, ""y"": 1055}","{""x"": 427, ""y"": 1073}","{""x"": 425, ""y"": 1026}","{""x"": 433, ""y"": 1002}","{""x"": 431, ""y"": 873}","{""x"": 425, ""y"": 873}","{""x"": 435, ""y"": 832}","{""x"": 425, ""y"": 838}","{""x"": 440, ""y"": 685}","{""x"": 431, ""y"": 709}","{""x"": 433, ""y"": 648}","{""x"": 465, ""y"": 320}","{""x"": 459, ""y"": 320}","{""x"": 461, ""y"": 219}","{""x"": 456, ""y"": 240}","{""x"": 454, ""y"": 185}","{""x"": 459, ""y"": 149}","{""x"": 452, ""y"": 107}","{""x"": 448, ""y"": 107}",,,,,,,,,"{""x"": 433, ""y"": 935}","{""x"": 423, ""y"": 946}","{""x"": 437, ""y"": 787}","{""x"": 427, ""y"": 797}","{""x"": 446, ""y"": 616}","{""x"": 435, ""y"": 637}","{""x"": 462, ""y"": 491}","{""x"": 454, ""y"": 496}",,,,,,,,,,"{""x1"": 67, ""y1"": 304, ""x2"": 849, ""y2"": 231}","{""x1"": 381, ""y1"": 815, ""x2"": 472, ""y2"": 831}","{""x1"": 397, ""y1"": 644, ""x2"": 524, ""y2"": 587}",IL-SF001-W-A.jpg,18849,Oak Landmark (beta),55.76,2021-07-09 15:52:23 UTC,,,7/9/2021 15:37,7/9/2021 15:52
63028280,343988803,jaimeriverajorge,"{""x"": 391, ""y"": 51}","{""x"": 284, ""y"": 93}","{""x"": 536, ""y"": 136}","{""x"": 496, ""y"": 362}","{""x"": 415, ""y"": 710}","{""x"": 199, ""y"": 884}","{""x"": 328, ""y"": 784}","{""x"": 327, ""y"": 374}",,,,,,,,,,,,"{""x"": 562, ""y"": 141}","{""x"": 696, ""y"": 338}","{""x"": 633, ""y"": 682}","{""x"": 161, ""y"": 912}","{""x"": 95, ""y"": 740}","{""x"": 78, ""y"": 267}","{""x"": 230, ""y"": 110}",,,,,,,,,,,"{""x"": 302, ""y"": 1314}","{""x"": 301, ""y"": 1186}","{""x"": 298, ""y"": 1104}","{""x"": 308, ""y"": 1106}","{""x"": 296, ""y"": 1162}","{""x"": 311, ""y"": 1076}","{""x"": 315, ""y"": 1020}","{""x"": 312, ""y"": 960}","{""x"": 321, ""y"": 941}","{""x"": 326, ""y"": 817}","{""x"": 334, ""y"": 795}","{""x"": 330, ""y"": 774}","{""x"": 335, ""y"": 737}","{""x"": 343, ""y"": 729}","{""x"": 372, ""y"": 434}","{""x"": 379, ""y"": 403}","{""x"": 390, ""y"": 238}","{""x"": 387, ""y"": 218}","{""x"": 393, ""y"": 146}","{""x"": 398, ""y"": 132}","{""x"": 391, ""y"": 98}","{""x"": 396, ""y"": 100}","{""x"": 389, ""y"": 78}","{""x"": 394, ""y"": 73}","{""x"": 371, ""y"": 520}","{""x"": 364, ""y"": 524}",,,,"{""x"": 305, ""y"": 1034}","{""x"": 314, ""y"": 931}","{""x"": 325, ""y"": 903}","{""x"": 342, ""y"": 694}","{""x"": 354, ""y"": 668}","{""x"": 372, ""y"": 334}","{""x"": 379, ""y"": 343}",,,,,,,,,,,"{""x1"": 78, ""y1"": 266, ""x2"": 697, ""y2"": 339}","{""x1"": 328, ""y1"": 783, ""x2"": 415, ""y2"": 710}","{""x1"": 327, ""y1"": 373, ""x2"": 495, ""y2"": 362}",IL-SF003-E-A.jpg,18849,Oak Landmark (beta),55.76,2021-07-01 21:13:30 UTC,,,7/1/2021 16:59,7/1/2021 21:13
63028286,345097537,jaimeriverajorge,"{""x"": 402, ""y"": 37}","{""x"": 448, ""y"": 28}","{""x"": 533, ""y"": 51}","{""x"": 593, ""y"": 77}","{""x"": 664, ""y"": 112}","{""x"": 744, ""y"": 189}","{""x"": 808, ""y"": 303}","{""x"": 570, ""y"": 722}","{""x"": 631, ""y"": 897}","{""x"": 406, ""y"": 959}","{""x"": 387, ""y"": 799}","{""x"": 186, ""y"": 593}","{""x"": 162, ""y"": 404}","{""x"": 171, ""y"": 311}","{""x"": 213, ""y"": 183}","{""x"": 275, ""y"": 139}","{""x"": 319, ""y"": 101}","{""x"": 365, ""y"": 68}",,"{""x"": 487, ""y"": 21}","{""x"": 561, ""y"": 53}","{""x"": 628, ""y"": 70}","{""x"": 711, ""y"": 104}","{""x"": 808, ""y"": 194}","{""x"": 962, ""y"": 325}","{""x"": 830, ""y"": 720}","{""x"": 665, ""y"": 929}","{""x"": 364, ""y"": 993}","{""x"": 233, ""y"": 841}","{""x"": 87, ""y"": 667}","{""x"": 39, ""y"": 458}","{""x"": 125, ""y"": 373}","{""x"": 152, ""y"": 218}","{""x"": 237, ""y"": 148}","{""x"": 295, ""y"": 110}","{""x"": 336, ""y"": 74}","{""x"": 550, ""y"": 1296}","{""x"": 538, ""y"": 1151}","{""x"": 542, ""y"": 1144}","{""x"": 532, ""y"": 1150}","{""x"": 539, ""y"": 1114}","{""x"": 532, ""y"": 1127}","{""x"": 538, ""y"": 1070}","{""x"": 532, ""y"": 1088}","{""x"": 530, ""y"": 991}","{""x"": 520, ""y"": 855}","{""x"": 518, ""y"": 793}","{""x"": 416, ""y"": 111}","{""x"": 418, ""y"": 94}","{""x"": 408, ""y"": 70}","{""x"": 410, ""y"": 56}","{""x"": 403, ""y"": 46}","{""x"": 511, ""y"": 739}",,,,,,,,,,,,,"{""x"": 530, ""y"": 1033}","{""x"": 537, ""y"": 1007}","{""x"": 525, ""y"": 929}","{""x"": 530, ""y"": 889}","{""x"": 510, ""y"": 787}","{""x"": 506, ""y"": 694}","{""x"": 492, ""y"": 640}","{""x"": 486, ""y"": 549}","{""x"": 475, ""y"": 521}","{""x"": 474, ""y"": 444}","{""x"": 465, ""y"": 419}","{""x"": 465, ""y"": 357}","{""x"": 454, ""y"": 319}","{""x"": 447, ""y"": 256}","{""x"": 440, ""y"": 238}","{""x"": 436, ""y"": 171}","{""x"": 430, ""y"": 163}","{""x1"": 40, ""y1"": 458, ""x2"": 962, ""y2"": 324}","{""x1"": 388, ""y1"": 799, ""x2"": 570, ""y2"": 722}","{""x1"": 186, ""y1"": 593, ""x2"": 807, ""y2"": 303}",IL-SF003-W-A.jpg,18849,Oak Landmark (beta),55.76,2021-07-08 21:52:25 UTC,,,7/8/2021 16:29,7/8/2021 21:52
63028290,343942827,jaimeriverajorge,"{""x"": 454, ""y"": 46}","{""x"": 502, ""y"": 97}","{""x"": 541, ""y"": 133}","{""x"": 578, ""y"": 178}","{""x"": 626, ""y"": 235}","{""x"": 620, ""y"": 413}","{""x"": 452, ""y"": 755}","{""x"": 471, ""y"": 894}","{""x"": 307, ""y"": 870}","{""x"": 359, ""y"": 752}","{""x"": 316, ""y"": 425}","{""x"": 295, ""y"": 127}","{""x"": 363, ""y"": 109}","{""x"": 458, ""y"": 64}","{""x"": 428, ""y"": 50}",,,,,"{""x"": 529, ""y"": 885}","{""x"": 648, ""y"": 760}","{""x"": 211, ""y"": 883}","{""x"": 57, ""y"": 637}","{""x"": 137, ""y"": 351}","{""x"": 252, ""y"": 150}","{""x"": 323, ""y"": 92}","{""x"": 484, ""y"": 59}","{""x"": 410, ""y"": 45}","{""x"": 535, ""y"": 94}","{""x"": 554, ""y"": 146}","{""x"": 601, ""y"": 195}","{""x"": 664, ""y"": 268}","{""x"": 715, ""y"": 435}",,,,"{""x"": 393, ""y"": 1317}","{""x"": 404, ""y"": 1144}","{""x"": 407, ""y"": 1115}","{""x"": 401, ""y"": 1114}","{""x"": 407, ""y"": 1070}","{""x"": 401, ""y"": 1071}","{""x"": 405, ""y"": 931}","{""x"": 397, ""y"": 893}","{""x"": 406, ""y"": 824}","{""x"": 400, ""y"": 821}","{""x"": 406, ""y"": 765}","{""x"": 400, ""y"": 778}","{""x"": 400, ""y"": 712}","{""x"": 441, ""y"": 96}","{""x"": 438, ""y"": 86}","{""x"": 404, ""y"": 500}","{""x"": 435, ""y"": 279}",,,,,,,,,,,,,"{""x"": 406, ""y"": 1000}","{""x"": 400, ""y"": 1009}","{""x"": 405, ""y"": 890}","{""x"": 399, ""y"": 890}","{""x"": 408, ""y"": 709}","{""x"": 403, ""y"": 663}","{""x"": 411, ""y"": 594}","{""x"": 406, ""y"": 498}","{""x"": 412, ""y"": 500}","{""x"": 417, ""y"": 397}","{""x"": 423, ""y"": 390}","{""x"": 438, ""y"": 286}","{""x"": 436, ""y"": 180}","{""x"": 431, ""y"": 154}",,,,"{""x1"": 58, ""y1"": 637, ""x2"": 647, ""y2"": 759}","{""x1"": 360, ""y1"": 753, ""x2"": 452, ""y2"": 755}","{""x1"": 316, ""y1"": 425, ""x2"": 620, ""y2"": 413}",IN-MG631-E-B.jpg,18849,Oak Landmark (beta),55.76,2021-07-01 16:59:22 UTC,,,7/1/2021 15:46,7/1/2021 16:59
63028323,344830198,jaimeriverajorge,"{""x"": 396, ""y"": 33}","{""x"": 472, ""y"": 84}","{""x"": 575, ""y"": 259}","{""x"": 486, ""y"": 602}","{""x"": 492, ""y"": 789}","{""x"": 340, ""y"": 806}","{""x"": 376, ""y"": 623}","{""x"": 235, ""y"": 318}","{""x"": 302, ""y"": 123}",,,,,,,,,,,"{""x"": 562, ""y"": 70}","{""x"": 787, ""y"": 215}","{""x"": 712, ""y"": 672}","{""x"": 593, ""y"": 839}","{""x"": 279, ""y"": 841}","{""x"": 206, ""y"": 710}","{""x"": 85, ""y"": 339}","{""x"": 243, ""y"": 145}",,,,,,,,,,"{""x"": 401, ""y"": 1270}","{""x"": 411, ""y"": 1102}","{""x"": 415, ""y"": 1092}","{""x"": 407, ""y"": 1080}","{""x"": 417, ""y"": 1063}","{""x"": 410, ""y"": 1049}","{""x"": 422, ""y"": 992}","{""x"": 412, ""y"": 995}","{""x"": 430, ""y"": 843}","{""x"": 422, ""y"": 859}","{""x"": 431, ""y"": 809}","{""x"": 429, ""y"": 698}","{""x"": 431, ""y"": 668}","{""x"": 440, ""y"": 654}","{""x"": 439, ""y"": 625}","{""x"": 435, ""y"": 476}","{""x"": 428, ""y"": 480}","{""x"": 415, ""y"": 227}","{""x"": 407, ""y"": 208}","{""x"": 408, ""y"": 139}","{""x"": 399, ""y"": 49}","{""x"": 395, ""y"": 60}",,,,,,,,"{""x"": 425, ""y"": 916}","{""x"": 417, ""y"": 928}","{""x"": 435, ""y"": 769}","{""x"": 424, ""y"": 796}","{""x"": 441, ""y"": 587}","{""x"": 432, ""y"": 606}","{""x"": 428, ""y"": 387}","{""x"": 422, ""y"": 419}",,,,,,,,,,"{""x1"": 85, ""y1"": 339, ""x2"": 787, ""y2"": 215}","{""x1"": 376, ""y1"": 623, ""x2"": 486, ""y2"": 602}","{""x1"": 235, ""y1"": 318, ""x2"": 575, ""y2"": 259}",MB-MG513-W-A.jpg,18849,Oak Landmark (beta),55.76,2021-07-07 16:02:03 UTC,,,7/7/2021 15:47,7/7/2021 16:02
63028371,344545368,jaimeriverajorge,"{""x"": 436, ""y"": 5}","{""x"": 460, ""y"": 18}","{""x"": 511, ""y"": 64}","{""x"": 601, ""y"": 102}","{""x"": 703, ""y"": 172}","{""x"": 770, ""y"": 321}","{""x"": 599, ""y"": 683}","{""x"": 615, ""y"": 876}","{""x"": 690, ""y"": 977}","{""x"": 388, ""y"": 965}","{""x"": 374, ""y"": 745}","{""x"": 116, ""y"": 366}","{""x"": 166, ""y"": 217}","{""x"": 236, ""y"": 119}","{""x"": 316, ""y"": 60}","{""x"": 396, ""y"": 36}",,,,"{""x"": 477, ""y"": 19}","{""x"": 573, ""y"": 49}","{""x"": 659, ""y"": 93}","{""x"": 753, ""y"": 192}","{""x"": 837, ""y"": 350}","{""x"": 775, ""y"": 703}","{""x"": 726, ""y"": 884}","{""x"": 699, ""y"": 991}","{""x"": 342, ""y"": 1013}","{""x"": 146, ""y"": 809}","{""x"": 17, ""y"": 431}","{""x"": 97, ""y"": 244}","{""x"": 197, ""y"": 127}","{""x"": 270, ""y"": 61}","{""x"": 353, ""y"": 34}",,,"{""x"": 598, ""y"": 1345}","{""x"": 571, ""y"": 1201}","{""x"": 563, ""y"": 1175}","{""x"": 566, ""y"": 1162}","{""x"": 555, ""y"": 1135}","{""x"": 523, ""y"": 981}","{""x"": 525, ""y"": 954}","{""x"": 496, ""y"": 821}","{""x"": 497, ""y"": 796}","{""x"": 487, ""y"": 765}","{""x"": 489, ""y"": 723}","{""x"": 437, ""y"": 192}","{""x"": 434, ""y"": 98}","{""x"": 433, ""y"": 49}","{""x"": 436, ""y"": 38}",,,,,,,,,,,,,,,"{""x"": 555, ""y"": 1105}","{""x"": 540, ""y"": 1058}","{""x"": 540, ""y"": 1030}","{""x"": 512, ""y"": 920}","{""x"": 512, ""y"": 886}","{""x"": 483, ""y"": 725}","{""x"": 486, ""y"": 696}","{""x"": 468, ""y"": 584}","{""x"": 471, ""y"": 567}","{""x"": 454, ""y"": 451}","{""x"": 457, ""y"": 438}","{""x"": 443, ""y"": 316}","{""x"": 445, ""y"": 304}","{""x"": 434, ""y"": 187}","{""x"": 437, ""y"": 88}",,,"{""x1"": 18, ""y1"": 432, ""x2"": 836, ""y2"": 350}","{""x1"": 374, ""y1"": 745, ""x2"": 600, ""y2"": 683}","{""x1"": 116, ""y1"": 365, ""x2"": 770, ""y2"": 321}",MB-MG529-S-B.jpg,18849,Oak Landmark (beta),55.76,2021-07-05 21:33:40 UTC,,,7/5/2021 21:16,7/5/2021 21:33
63028374,345043091,jaimeriverajorge,"{""x"": 382, ""y"": 4}","{""x"": 417, ""y"": 44}","{""x"": 456, ""y"": 94}","{""x"": 502, ""y"": 122}","{""x"": 573, ""y"": 179}","{""x"": 640, ""y"": 264}","{""x"": 514, ""y"": 623}","{""x"": 562, ""y"": 828}","{""x"": 288, ""y"": 909}","{""x"": 293, ""y"": 682}","{""x"": 110, ""y"": 312}","{""x"": 179, ""y"": 212}","{""x"": 235, ""y"": 170}","{""x"": 293, ""y"": 104}","{""x"": 335, ""y"": 60}",,,,,"{""x"": 644, ""y"": 818}","{""x"": 715, ""y"": 568}","{""x"": 710, ""y"": 260}","{""x"": 620, ""y"": 181}","{""x"": 542, ""y"": 125}","{""x"": 476, ""y"": 98}","{""x"": 434, ""y"": 54}","{""x"": 318, ""y"": 68}","{""x"": 262, ""y"": 117}","{""x"": 200, ""y"": 174}","{""x"": 123, ""y"": 217}","{""x"": 14, ""y"": 326}","{""x"": 47, ""y"": 703}","{""x"": 217, ""y"": 942}",,,,"{""x"": 543, ""y"": 1251}","{""x"": 516, ""y"": 1146}","{""x"": 511, ""y"": 1117}","{""x"": 506, ""y"": 1130}","{""x"": 495, ""y"": 1068}","{""x"": 493, ""y"": 1087}","{""x"": 455, ""y"": 918}","{""x"": 455, ""y"": 942}","{""x"": 419, ""y"": 734}","{""x"": 417, ""y"": 767}","{""x"": 383, ""y"": 57}","{""x"": 380, ""y"": 76}","{""x"": 379, ""y"": 13}","{""x"": 382, ""y"": 18}","{""x"": 406, ""y"": 686}",,,,,,,,,,,,,,,"{""x"": 478, ""y"": 1003}","{""x"": 475, ""y"": 1019}","{""x"": 440, ""y"": 848}","{""x"": 439, ""y"": 879}","{""x"": 405, ""y"": 679}","{""x"": 410, ""y"": 647}","{""x"": 399, ""y"": 518}","{""x"": 393, ""y"": 536}","{""x"": 391, ""y"": 412}","{""x"": 394, ""y"": 381}","{""x"": 385, ""y"": 306}","{""x"": 389, ""y"": 262}","{""x"": 384, ""y"": 134}","{""x"": 380, ""y"": 161}",,,,"{""x1"": 14, ""y1"": 326, ""x2"": 711, ""y2"": 260}","{""x1"": 292, ""y1"": 682, ""x2"": 514, ""y2"": 623}","{""x1"": 110, ""y1"": 312, ""x2"": 640, ""y2"": 264}",MB-MG529-W-B.jpg,18849,Oak Landmark (beta),55.76,2021-07-08 16:29:28 UTC,,,7/8/2021 16:14,7/8/2021 16:29
63028384,344552148,jaimeriverajorge,"{""x"": 290, ""y"": 123}","{""x"": 353, ""y"": 162}","{""x"": 420, ""y"": 218}","{""x"": 461, ""y"": 367}","{""x"": 543, ""y"": 488}","{""x"": 387, ""y"": 763}","{""x"": 424, ""y"": 886}","{""x"": 249, ""y"": 854}","{""x"": 290, ""y"": 734}","{""x"": 97, ""y"": 462}","{""x"": 211, ""y"": 334}","{""x"": 223, ""y"": 165}","{""x"": 263, ""y"": 123}",,,,,,,"{""x"": 389, ""y"": 162}","{""x"": 455, ""y"": 218}","{""x"": 559, ""y"": 349}","{""x"": 613, ""y"": 514}","{""x"": 523, ""y"": 794}","{""x"": 454, ""y"": 916}","{""x"": 220, ""y"": 875}","{""x"": 160, ""y"": 754}","{""x"": 37, ""y"": 493}","{""x"": 48, ""y"": 342}","{""x"": 185, ""y"": 167}","{""x"": 247, ""y"": 123}",,,,,,"{""x"": 295, ""y"": 1241}","{""x"": 312, ""y"": 1081}","{""x"": 320, ""y"": 1046}","{""x"": 316, ""y"": 1035}","{""x"": 310, ""y"": 1077}","{""x"": 326, ""y"": 1005}","{""x"": 331, ""y"": 914}","{""x"": 338, ""y"": 906}","{""x"": 345, ""y"": 806}","{""x"": 338, ""y"": 784}","{""x"": 346, ""y"": 764}","{""x"": 338, ""y"": 746}","{""x"": 340, ""y"": 714}","{""x"": 322, ""y"": 450}","{""x"": 297, ""y"": 210}","{""x"": 294, ""y"": 159}","{""x"": 291, ""y"": 152}",,,,,,,,,,,,,"{""x"": 325, ""y"": 967}","{""x"": 334, ""y"": 950}","{""x"": 341, ""y"": 878}","{""x"": 335, ""y"": 877}","{""x"": 346, ""y"": 724}","{""x"": 340, ""y"": 703}","{""x"": 340, ""y"": 607}","{""x"": 334, ""y"": 578}","{""x"": 326, ""y"": 455}","{""x"": 304, ""y"": 351}","{""x"": 305, ""y"": 306}","{""x"": 295, ""y"": 228}",,,,,,"{""x1"": 37, ""y1"": 493, ""x2"": 612, ""y2"": 514}","{""x1"": 290, ""y1"": 733, ""x2"": 387, ""y2"": 763}","{""x1"": 96, ""y1"": 462, ""x2"": 543, ""y2"": 488}",MB-MG530-W-B.jpg,18849,Oak Landmark (beta),55.76,2021-07-05 22:09:10 UTC,,,7/5/2021 21:53,7/5/2021 22:09
63028386,345215924,jaimeriverajorge,"{""x"": 367, ""y"": 209}","{""x"": 448, ""y"": 346}","{""x"": 473, ""y"": 592}","{""x"": 512, ""y"": 731}","{""x"": 385, ""y"": 727}","{""x"": 397, ""y"": 582}","{""x"": 292, ""y"": 320}","{""x"": 347, ""y"": 220}","{""x"": 387, ""y"": 208}",,,,,,,,,,,"{""x"": 405, ""y"": 207}","{""x"": 545, ""y"": 252}","{""x"": 596, ""y"": 534}","{""x"": 568, ""y"": 729}","{""x"": 330, ""y"": 728}","{""x"": 279, ""y"": 563}","{""x"": 213, ""y"": 317}","{""x"": 324, ""y"": 221}",,,,,,,,,,"{""x"": 433, ""y"": 1090}","{""x"": 447, ""y"": 938}","{""x"": 452, ""y"": 933}","{""x"": 444, ""y"": 925}","{""x"": 451, ""y"": 902}","{""x"": 445, ""y"": 892}","{""x"": 450, ""y"": 779}","{""x"": 443, ""y"": 767}","{""x"": 443, ""y"": 649}","{""x"": 434, ""y"": 630}","{""x"": 439, ""y"": 604}","{""x"": 430, ""y"": 585}","{""x"": 413, ""y"": 449}","{""x"": 401, ""y"": 420}","{""x"": 404, ""y"": 399}","{""x"": 399, ""y"": 377}","{""x"": 373, ""y"": 263}","{""x"": 373, ""y"": 238}",,,,,,,,,,,,"{""x"": 451, ""y"": 840}","{""x"": 444, ""y"": 833}","{""x"": 448, ""y"": 733}","{""x"": 441, ""y"": 720}","{""x"": 434, ""y"": 566}","{""x"": 427, ""y"": 555}","{""x"": 390, ""y"": 322}","{""x"": 388, ""y"": 354}",,,,,,,,,,"{""x1"": 212, ""y1"": 317, ""x2"": 545, ""y2"": 253}","{""x1"": 397, ""y1"": 582, ""x2"": 473, ""y2"": 592}","{""x1"": 292, ""y1"": 320, ""x2"": 448, ""y2"": 346}",MB-SD004-E-B.jpg,18849,Oak Landmark (beta),55.76,2021-07-09 16:41:20 UTC,,,7/9/2021 15:52,7/9/2021 16:41
63028390,343020263,jaimeriverajorge,"{""x"": 393, ""y"": 200}","{""x"": 461, ""y"": 366}","{""x"": 317, ""y"": 378}","{""x"": 392, ""y"": 565}","{""x"": 504, ""y"": 661}","{""x"": 434, ""y"": 757}","{""x"": 521, ""y"": 848}","{""x"": 407, ""y"": 873}",,,,,,,,,,,,"{""x"": 586, ""y"": 294}","{""x"": 302, ""y"": 276}","{""x"": 472, ""y"": 219}","{""x"": 247, ""y"": 390}","{""x"": 261, ""y"": 580}","{""x"": 607, ""y"": 634}","{""x"": 573, ""y"": 863}","{""x"": 357, ""y"": 892}","{""x"": 348, ""y"": 727}",,,,,,,,,"{""x"": 441, ""y"": 1186}","{""x"": 456, ""y"": 1077}","{""x"": 467, ""y"": 1012}","{""x"": 461, ""y"": 1008}","{""x"": 456, ""y"": 1036}","{""x"": 462, ""y"": 1059}","{""x"": 463, ""y"": 906}","{""x"": 470, ""y"": 885}","{""x"": 473, ""y"": 828}","{""x"": 470, ""y"": 792}","{""x"": 470, ""y"": 760}","{""x"": 474, ""y"": 699}","{""x"": 461, ""y"": 611}","{""x"": 436, ""y"": 456}","{""x"": 422, ""y"": 397}","{""x"": 405, ""y"": 266}","{""x"": 403, ""y"": 305}","{""x"": 423, ""y"": 426}",,,,,,,,,,,,"{""x"": 470, ""y"": 955}","{""x"": 463, ""y"": 963}","{""x"": 464, ""y"": 880}","{""x"": 475, ""y"": 816}","{""x"": 468, ""y"": 712}","{""x"": 461, ""y"": 580}","{""x"": 449, ""y"": 549}","{""x"": 417, ""y"": 395}","{""x"": 415, ""y"": 348}",,,,,,,,,"{""x1"": 248, ""y1"": 389, ""x2"": 584, ""y2"": 295}","{""x1"": 407, ""y1"": 872, ""x2"": 522, ""y2"": 849}","{""x1"": 433, ""y1"": 756, ""x2"": 504, ""y2"": 662}",MB-SD004-S-A.jpg,18849,Oak Landmark (beta),55.76,2021-06-25 20:54:58 UTC,,,6/25/2021 20:11,6/25/2021 20:54
63028393,345200550,jaimeriverajorge,"{""x"": 370, ""y"": 115}","{""x"": 437, ""y"": 211}","{""x"": 519, ""y"": 314}","{""x"": 477, ""y"": 604}","{""x"": 528, ""y"": 711}","{""x"": 368, ""y"": 712}","{""x"": 388, ""y"": 603}","{""x"": 290, ""y"": 390}","{""x"": 307, ""y"": 275}","{""x"": 320, ""y"": 161}","{""x"": 393, ""y"": 149}",,,,,,,,,"{""x"": 411, ""y"": 148}","{""x"": 496, ""y"": 148}","{""x"": 641, ""y"": 255}","{""x"": 614, ""y"": 558}","{""x"": 563, ""y"": 719}","{""x"": 319, ""y"": 705}","{""x"": 215, ""y"": 588}","{""x"": 152, ""y"": 366}","{""x"": 203, ""y"": 263}","{""x"": 290, ""y"": 164}",,,,,,,,"{""x"": 394, ""y"": 1061}","{""x"": 419, ""y"": 895}","{""x"": 429, ""y"": 859}","{""x"": 420, ""y"": 867}","{""x"": 440, ""y"": 764}","{""x"": 443, ""y"": 665}","{""x"": 436, ""y"": 659}","{""x"": 443, ""y"": 622}","{""x"": 435, ""y"": 618}","{""x"": 415, ""y"": 386}","{""x"": 411, ""y"": 349}","{""x"": 378, ""y"": 198}","{""x"": 375, ""y"": 201}","{""x"": 375, ""y"": 170}","{""x"": 370, ""y"": 168}","{""x"": 371, ""y"": 143}","{""x"": 368, ""y"": 138}","{""x"": 367, ""y"": 117}","{""x"": 370, ""y"": 130}",,,,,,,,,,,"{""x"": 436, ""y"": 810}","{""x"": 428, ""y"": 809}","{""x"": 443, ""y"": 737}","{""x"": 434, ""y"": 750}","{""x"": 436, ""y"": 605}","{""x"": 443, ""y"": 581}","{""x"": 429, ""y"": 493}","{""x"": 430, ""y"": 437}","{""x"": 398, ""y"": 279}","{""x"": 398, ""y"": 307}",,,,,,,,"{""x1"": 152, ""y1"": 365, ""x2"": 641, ""y2"": 255}","{""x1"": 388, ""y1"": 603, ""x2"": 477, ""y2"": 604}","{""x1"": 290, ""y1"": 390, ""x2"": 518, ""y2"": 313}",MB-SD004-W-A.jpg,18849,Oak Landmark (beta),55.76,2021-07-09 15:37:48 UTC,,,7/9/2021 15:25,7/9/2021 15:37
63028398,344535247,jaimeriverajorge,"{""x"": 344, ""y"": 83}","{""x"": 383, ""y"": 111}","{""x"": 450, ""y"": 188}","{""x"": 529, ""y"": 313}","{""x"": 478, ""y"": 560}","{""x"": 517, ""y"": 695}","{""x"": 314, ""y"": 719}","{""x"": 277, ""y"": 529}","{""x"": 218, ""y"": 319}","{""x"": 260, ""y"": 184}","{""x"": 301, ""y"": 136}",,,,,,,,,"{""x"": 404, ""y"": 116}","{""x"": 512, ""y"": 177}","{""x"": 634, ""y"": 286}","{""x"": 584, ""y"": 554}","{""x"": 550, ""y"": 721}","{""x"": 259, ""y"": 741}","{""x"": 154, ""y"": 538}","{""x"": 113, ""y"": 341}","{""x"": 205, ""y"": 190}","{""x"": 279, ""y"": 143}",,,,,,,,"{""x"": 431, ""y"": 1157}","{""x"": 427, ""y"": 1062}","{""x"": 430, ""y"": 1051}","{""x"": 424, ""y"": 1054}","{""x"": 427, ""y"": 998}","{""x"": 422, ""y"": 1008}","{""x"": 424, ""y"": 926}","{""x"": 419, ""y"": 937}","{""x"": 414, ""y"": 777}","{""x"": 408, ""y"": 777}","{""x"": 406, ""y"": 644}","{""x"": 399, ""y"": 610}","{""x"": 380, ""y"": 435}","{""x"": 369, ""y"": 310}","{""x"": 362, ""y"": 286}","{""x"": 349, ""y"": 162}","{""x"": 345, ""y"": 164}","{""x"": 346, ""y"": 115}","{""x"": 343, ""y"": 116}",,,,,,,,,,,"{""x"": 419, ""y"": 853}","{""x"": 413, ""y"": 857}","{""x"": 411, ""y"": 733}","{""x"": 406, ""y"": 735}","{""x"": 399, ""y"": 573}","{""x"": 394, ""y"": 560}","{""x"": 384, ""y"": 421}","{""x"": 375, ""y"": 394}","{""x"": 362, ""y"": 253}","{""x"": 357, ""y"": 242}",,,,,,,,"{""x1"": 113, ""y1"": 341, ""x2"": 635, ""y2"": 287}","{""x1"": 277, ""y1"": 528, ""x2"": 478, ""y2"": 560}","{""x1"": 218, ""y1"": 319, ""x2"": 529, ""y2"": 313}",MB-SD005-N-B.jpg,18849,Oak Landmark (beta),55.76,2021-07-05 20:40:06 UTC,,,7/5/2021 20:26,7/5/2021 20:40
63028401,344542341,jaimeriverajorge,"{""x"": 383, ""y"": 116}","{""x"": 433, ""y"": 145}","{""x"": 496, ""y"": 249}","{""x"": 590, ""y"": 355}","{""x"": 536, ""y"": 545}","{""x"": 522, ""y"": 703}","{""x"": 305, ""y"": 819}","{""x"": 303, ""y"": 732}","{""x"": 277, ""y"": 571}","{""x"": 227, ""y"": 381}","{""x"": 244, ""y"": 304}","{""x"": 285, ""y"": 221}","{""x"": 342, ""y"": 162}",,,,,,,"{""x"": 458, ""y"": 140}","{""x"": 615, ""y"": 244}","{""x"": 640, ""y"": 383}","{""x"": 608, ""y"": 563}","{""x"": 561, ""y"": 722}","{""x"": 300, ""y"": 828}","{""x"": 275, ""y"": 754}","{""x"": 203, ""y"": 599}","{""x"": 184, ""y"": 409}","{""x"": 205, ""y"": 312}","{""x"": 238, ""y"": 225}","{""x"": 307, ""y"": 165}",,,,,,"{""x"": 430, ""y"": 1116}","{""x"": 426, ""y"": 1047}","{""x"": 423, ""y"": 1012}","{""x"": 428, ""y"": 1001}","{""x"": 421, ""y"": 962}","{""x"": 426, ""y"": 947}","{""x"": 424, ""y"": 891}","{""x"": 415, ""y"": 783}","{""x"": 418, ""y"": 731}","{""x"": 412, ""y"": 664}","{""x"": 417, ""y"": 633}","{""x"": 411, ""y"": 361}","{""x"": 396, ""y"": 201}","{""x"": 407, ""y"": 279}",,,,,,,,,,,,,,,,"{""x"": 418, ""y"": 901}","{""x"": 415, ""y"": 838}","{""x"": 421, ""y"": 816}","{""x"": 413, ""y"": 735}","{""x"": 418, ""y"": 711}","{""x"": 412, ""y"": 613}","{""x"": 416, ""y"": 580}","{""x"": 407, ""y"": 497}","{""x"": 410, ""y"": 464}","{""x"": 406, ""y"": 412}","{""x"": 403, ""y"": 293}","{""x"": 405, ""y"": 242}",,,,,,"{""x1"": 183, ""y1"": 410, ""x2"": 640, ""y2"": 383}","{""x1"": 302, ""y1"": 731, ""x2"": 523, ""y2"": 703}","{""x1"": 278, ""y1"": 571, ""x2"": 536, ""y2"": 546}",MB-SD005-S-B.jpg,18849,Oak Landmark (beta),55.76,2021-07-05 21:16:07 UTC,,,7/5/2021 21:02,7/5/2021 21:16
63028409,344548959,jaimeriverajorge,"{""x"": 509, ""y"": 42}","{""x"": 527, ""y"": 120}","{""x"": 582, ""y"": 152}","{""x"": 633, ""y"": 198}","{""x"": 683, ""y"": 272}","{""x"": 671, ""y"": 463}","{""x"": 538, ""y"": 748}","{""x"": 437, ""y"": 879}","{""x"": 393, ""y"": 691}","{""x"": 270, ""y"": 292}","{""x"": 300, ""y"": 179}","{""x"": 396, ""y"": 136}","{""x"": 454, ""y"": 75}",,,,,,,"{""x"": 569, ""y"": 112}","{""x"": 623, ""y"": 146}","{""x"": 682, ""y"": 206}","{""x"": 784, ""y"": 274}","{""x"": 868, ""y"": 606}","{""x"": 753, ""y"": 710}","{""x"": 332, ""y"": 909}","{""x"": 72, ""y"": 685}","{""x"": 134, ""y"": 225}","{""x"": 228, ""y"": 175}","{""x"": 334, ""y"": 115}","{""x"": 419, ""y"": 74}",,,,,,"{""x"": 612, ""y"": 1290}","{""x"": 588, ""y"": 1172}","{""x"": 580, ""y"": 1142}","{""x"": 563, ""y"": 1089}","{""x"": 556, ""y"": 1054}","{""x"": 538, ""y"": 956}","{""x"": 519, ""y"": 903}","{""x"": 507, ""y"": 830}","{""x"": 496, ""y"": 784}","{""x"": 483, ""y"": 750}","{""x"": 473, ""y"": 705}","{""x"": 468, ""y"": 274}","{""x"": 486, ""y"": 157}","{""x"": 486, ""y"": 124}","{""x"": 486, ""y"": 147}","{""x"": 500, ""y"": 76}","{""x"": 500, ""y"": 64}",,,,,,,,,,,,,"{""x"": 536, ""y"": 977}","{""x"": 526, ""y"": 908}","{""x"": 504, ""y"": 845}","{""x"": 488, ""y"": 742}","{""x"": 464, ""y"": 654}","{""x"": 466, ""y"": 610}","{""x"": 459, ""y"": 517}","{""x"": 465, ""y"": 474}","{""x"": 459, ""y"": 391}","{""x"": 464, ""y"": 366}","{""x"": 473, ""y"": 264}","{""x"": 473, ""y"": 205}",,,,,,"{""x1"": 72, ""y1"": 685, ""x2"": 868, ""y2"": 604}","{""x1"": 437, ""y1"": 879, ""x2"": 537, ""y2"": 748}","{""x1"": 393, ""y1"": 691, ""x2"": 670, ""y2"": 464}",MN-MG788S-A.jpg,18849,Oak Landmark (beta),55.76,2021-07-05 21:53:43 UTC,,,7/5/2021 21:33,7/5/2021 21:53
63028413,343821364,jaimeriverajorge,"{""x"": 618, ""y"": 109}","{""x"": 635, ""y"": 176}","{""x"": 666, ""y"": 233}","{""x"": 716, ""y"": 289}","{""x"": 732, ""y"": 394}","{""x"": 630, ""y"": 527}","{""x"": 470, ""y"": 773}","{""x"": 525, ""y"": 859}","{""x"": 349, ""y"": 860}","{""x"": 365, ""y"": 755}","{""x"": 330, ""y"": 599}","{""x"": 243, ""y"": 318}","{""x"": 316, ""y"": 196}","{""x"": 394, ""y"": 158}","{""x"": 514, ""y"": 168}",,,,,"{""x"": 659, ""y"": 181}","{""x"": 716, ""y"": 234}","{""x"": 781, ""y"": 297}","{""x"": 817, ""y"": 447}","{""x"": 671, ""y"": 537}","{""x"": 598, ""y"": 750}","{""x"": 558, ""y"": 872}","{""x"": 304, ""y"": 889}","{""x"": 236, ""y"": 785}","{""x"": 84, ""y"": 534}","{""x"": 118, ""y"": 293}","{""x"": 235, ""y"": 156}","{""x"": 344, ""y"": 123}","{""x"": 460, ""y"": 91}",,,,"{""x"": 467, ""y"": 1236}","{""x"": 446, ""y"": 1091}","{""x"": 440, ""y"": 991}","{""x"": 431, ""y"": 979}","{""x"": 426, ""y"": 899}","{""x"": 419, ""y"": 806}","{""x"": 430, ""y"": 793}","{""x"": 414, ""y"": 745}","{""x"": 416, ""y"": 686}","{""x"": 426, ""y"": 653}","{""x"": 523, ""y"": 293}","{""x"": 560, ""y"": 224}","{""x"": 579, ""y"": 191}","{""x"": 583, ""y"": 191}","{""x"": 610, ""y"": 133}","{""x"": 607, ""y"": 131}",,,,,,,,,,,,,,"{""x"": 438, ""y"": 940}","{""x"": 429, ""y"": 939}","{""x"": 434, ""y"": 881}","{""x"": 424, ""y"": 856}","{""x"": 428, ""y"": 780}","{""x"": 415, ""y"": 736}","{""x"": 414, ""y"": 634}","{""x"": 430, ""y"": 564}","{""x"": 427, ""y"": 539}","{""x"": 454, ""y"": 476}","{""x"": 455, ""y"": 451}","{""x"": 486, ""y"": 386}","{""x"": 487, ""y"": 369}","{""x"": 541, ""y"": 270}",,,,"{""x1"": 118, ""y1"": 294, ""x2"": 816, ""y2"": 448}","{""x1"": 365, ""y1"": 755, ""x2"": 472, ""y2"": 773}","{""x1"": 331, ""y1"": 599, ""x2"": 629, ""y2"": 528}",MN-MG788W-B.jpg,18849,Oak Landmark (beta),55.76,2021-06-30 21:24:07 UTC,,,6/30/2021 20:49,6/30/2021 21:24
63028434,343782765,jaimeriverajorge,"{""x"": 442, ""y"": 248}","{""x"": 480, ""y"": 307}","{""x"": 537, ""y"": 387}","{""x"": 562, ""y"": 521}","{""x"": 503, ""y"": 655}","{""x"": 477, ""y"": 807}","{""x"": 522, ""y"": 898}","{""x"": 446, ""y"": 914}","{""x"": 367, ""y"": 857}","{""x"": 419, ""y"": 755}","{""x"": 162, ""y"": 468}","{""x"": 291, ""y"": 444}","{""x"": 367, ""y"": 359}",,,,,,,"{""x"": 529, ""y"": 294}","{""x"": 678, ""y"": 380}","{""x"": 719, ""y"": 525}","{""x"": 679, ""y"": 663}","{""x"": 589, ""y"": 827}","{""x"": 543, ""y"": 906}","{""x"": 417, ""y"": 939}","{""x"": 328, ""y"": 895}","{""x"": 286, ""y"": 829}","{""x"": 70, ""y"": 524}","{""x"": 178, ""y"": 409}","{""x"": 287, ""y"": 334}",,,,,,"{""x"": 537, ""y"": 1114}","{""x"": 515, ""y"": 997}","{""x"": 515, ""y"": 979}","{""x"": 506, ""y"": 980}","{""x"": 499, ""y"": 923}","{""x"": 493, ""y"": 927}","{""x"": 481, ""y"": 861}","{""x"": 454, ""y"": 796}","{""x"": 439, ""y"": 735}","{""x"": 443, ""y"": 764}","{""x"": 413, ""y"": 441}","{""x"": 420, ""y"": 422}","{""x"": 414, ""y"": 344}","{""x"": 421, ""y"": 305}",,,,,,,,,,,,,,,,"{""x"": 509, ""y"": 960}","{""x"": 502, ""y"": 965}","{""x"": 485, ""y"": 902}","{""x"": 494, ""y"": 903}","{""x"": 467, ""y"": 838}","{""x"": 461, ""y"": 795}","{""x"": 434, ""y"": 722}","{""x"": 420, ""y"": 705}","{""x"": 408, ""y"": 639}","{""x"": 413, ""y"": 619}","{""x"": 407, ""y"": 536}","{""x"": 415, ""y"": 509}",,,,,,"{""x1"": 70, ""y1"": 524, ""x2"": 720, ""y2"": 525}","{""x1"": 446, ""y1"": 914, ""x2"": 523, ""y2"": 898}","{""x1"": 367, ""y1"": 857, ""x2"": 477, ""y2"": 807}",MN-MG790W-B.jpg,18849,Oak Landmark (beta),55.76,2021-06-30 18:04:55 UTC,,,6/30/2021 17:49,6/30/2021 18:04
63028440,344526981,jaimeriverajorge,"{""x"": 428, ""y"": 36}","{""x"": 501, ""y"": 90}","{""x"": 565, ""y"": 204}","{""x"": 595, ""y"": 404}","{""x"": 611, ""y"": 599}","{""x"": 295, ""y"": 655}","{""x"": 248, ""y"": 451}","{""x"": 253, ""y"": 241}","{""x"": 351, ""y"": 128}",,,,,,,,,,,"{""x"": 535, ""y"": 86}","{""x"": 648, ""y"": 168}","{""x"": 774, ""y"": 404}","{""x"": 631, ""y"": 609}","{""x"": 191, ""y"": 637}","{""x"": 107, ""y"": 390}","{""x"": 156, ""y"": 210}","{""x"": 292, ""y"": 103}",,,,,,,,,,"{""x"": 423, ""y"": 1215}","{""x"": 417, ""y"": 1044}","{""x"": 411, ""y"": 1029}","{""x"": 420, ""y"": 1021}","{""x"": 409, ""y"": 983}","{""x"": 417, ""y"": 964}","{""x"": 415, ""y"": 909}","{""x"": 407, ""y"": 918}","{""x"": 409, ""y"": 776}","{""x"": 417, ""y"": 728}","{""x"": 411, ""y"": 628}","{""x"": 420, ""y"": 581}","{""x"": 420, ""y"": 440}","{""x"": 414, ""y"": 443}","{""x"": 417, ""y"": 251}","{""x"": 422, ""y"": 231}","{""x"": 418, ""y"": 209}","{""x"": 422, ""y"": 137}","{""x"": 429, ""y"": 116}","{""x"": 426, ""y"": 68}","{""x"": 431, ""y"": 52}",,,,,,,,,"{""x"": 415, ""y"": 844}","{""x"": 408, ""y"": 846}","{""x"": 411, ""y"": 713}","{""x"": 418, ""y"": 686}","{""x"": 413, ""y"": 565}","{""x"": 420, ""y"": 544}","{""x"": 414, ""y"": 423}","{""x"": 423, ""y"": 350}",,,,,,,,,,"{""x1"": 108, ""y1"": 391, ""x2"": 773, ""y2"": 405}","{""x1"": 295, ""y1"": 655, ""x2"": 611, ""y2"": 599}","{""x1"": 248, ""y1"": 451, ""x2"": 596, ""y2"": 404}",MN-SD001-S-A.jpg,18849,Oak Landmark (beta),55.76,2021-07-05 19:41:20 UTC,,,7/5/2021 19:29,7/5/2021 19:41
63028446,344533015,jaimeriverajorge,"{""x"": 596, ""y"": 73}","{""x"": 587, ""y"": 100}","{""x"": 624, ""y"": 107}","{""x"": 668, ""y"": 120}","{""x"": 709, ""y"": 186}","{""x"": 762, ""y"": 344}","{""x"": 766, ""y"": 530}","{""x"": 815, ""y"": 634}","{""x"": 628, ""y"": 663}","{""x"": 657, ""y"": 552}","{""x"": 606, ""y"": 342}","{""x"": 559, ""y"": 198}","{""x"": 571, ""y"": 142}",,,,,,,"{""x"": 641, ""y"": 95}","{""x"": 688, ""y"": 111}","{""x"": 783, ""y"": 136}","{""x"": 912, ""y"": 206}","{""x"": 891, ""y"": 486}","{""x"": 858, ""y"": 642}","{""x"": 608, ""y"": 705}","{""x"": 514, ""y"": 559}","{""x"": 478, ""y"": 314}","{""x"": 521, ""y"": 213}","{""x"": 552, ""y"": 149}","{""x"": 575, ""y"": 105}",,,,,,"{""x"": 729, ""y"": 989}","{""x"": 732, ""y"": 860}","{""x"": 728, ""y"": 840}","{""x"": 733, ""y"": 817}","{""x"": 725, ""y"": 796}","{""x"": 727, ""y"": 695}","{""x"": 720, ""y"": 696}","{""x"": 717, ""y"": 608}","{""x"": 710, ""y"": 598}","{""x"": 705, ""y"": 543}","{""x"": 697, ""y"": 456}","{""x"": 683, ""y"": 402}","{""x"": 661, ""y"": 315}","{""x"": 612, ""y"": 140}","{""x"": 601, ""y"": 110}","{""x"": 600, ""y"": 89}",,,,,,,,,,,,,,"{""x"": 730, ""y"": 751}","{""x"": 724, ""y"": 742}","{""x"": 726, ""y"": 686}","{""x"": 718, ""y"": 665}","{""x"": 709, ""y"": 541}","{""x"": 698, ""y"": 496}","{""x"": 687, ""y"": 400}","{""x"": 658, ""y"": 320}","{""x"": 649, ""y"": 270}","{""x"": 638, ""y"": 243}","{""x"": 630, ""y"": 201}","{""x"": 613, ""y"": 152}",,,,,,"{""x1"": 477, ""y1"": 314, ""x2"": 912, ""y2"": 205}","{""x1"": 656, ""y1"": 552, ""x2"": 766, ""y2"": 530}","{""x1"": 606, ""y1"": 342, ""x2"": 762, ""y2"": 344}",MN-SD002-E-B.jpg,18849,Oak Landmark (beta),55.76,2021-07-05 20:21:55 UTC,,,7/5/2021 20:06,7/5/2021 20:21
63028467,345220335,jaimeriverajorge,"{""x"": 344, ""y"": 308}","{""x"": 396, ""y"": 330}","{""x"": 445, ""y"": 379}","{""x"": 442, ""y"": 510}","{""x"": 522, ""y"": 609}","{""x"": 404, ""y"": 810}","{""x"": 420, ""y"": 942}","{""x"": 281, ""y"": 345}","{""x"": 245, ""y"": 398}","{""x"": 241, ""y"": 494}","{""x"": 337, ""y"": 753}",,,,,,,,,"{""x"": 416, ""y"": 335}","{""x"": 466, ""y"": 393}","{""x"": 525, ""y"": 524}","{""x"": 521, ""y"": 642}","{""x"": 471, ""y"": 814}","{""x"": 439, ""y"": 958}","{""x"": 253, ""y"": 749}","{""x"": 187, ""y"": 498}","{""x"": 228, ""y"": 409}","{""x"": 261, ""y"": 353}",,,,,,,,"{""x"": 367, ""y"": 1156}","{""x"": 370, ""y"": 1108}","{""x"": 371, ""y"": 1041}","{""x"": 372, ""y"": 979}","{""x"": 379, ""y"": 953}","{""x"": 374, ""y"": 898}","{""x"": 376, ""y"": 835}","{""x"": 375, ""y"": 812}","{""x"": 369, ""y"": 778}","{""x"": 368, ""y"": 746}","{""x"": 367, ""y"": 759}","{""x"": 367, ""y"": 729}","{""x"": 366, ""y"": 704}","{""x"": 360, ""y"": 590}","{""x"": 354, ""y"": 583}","{""x"": 346, ""y"": 372}","{""x"": 343, ""y"": 375}",,,,,,,,,,,,,"{""x"": 378, ""y"": 1005}","{""x"": 380, ""y"": 905}","{""x"": 371, ""y"": 853}","{""x"": 373, ""y"": 744}","{""x"": 371, ""y"": 694}","{""x"": 364, ""y"": 681}","{""x"": 357, ""y"": 559}","{""x"": 351, ""y"": 548}","{""x"": 350, ""y"": 452}","{""x"": 347, ""y"": 452}",,,,,,,,"{""x1"": 187, ""y1"": 498, ""x2"": 526, ""y2"": 525}","{""x1"": 337, ""y1"": 753, ""x2"": 404, ""y2"": 810}","{""x1"": 240, ""y1"": 494, ""x2"": 442, ""y2"": 510}",MO-MG402-N-B.jpg,18849,Oak Landmark (beta),55.76,2021-07-09 17:00:29 UTC,,,7/9/2021 16:41,7/9/2021 17:00
63028474,344901993,jaimeriverajorge,"{""x"": 528, ""y"": 60}","{""x"": 633, ""y"": 117}","{""x"": 692, ""y"": 343}","{""x"": 536, ""y"": 717}","{""x"": 519, ""y"": 929}","{""x"": 296, ""y"": 849}","{""x"": 349, ""y"": 689}","{""x"": 313, ""y"": 355}","{""x"": 436, ""y"": 125}",,,,,,,,,,,"{""x"": 709, ""y"": 108}","{""x"": 855, ""y"": 421}","{""x"": 573, ""y"": 789}","{""x"": 535, ""y"": 950}","{""x"": 288, ""y"": 865}","{""x"": 163, ""y"": 704}","{""x"": 117, ""y"": 282}","{""x"": 368, ""y"": 71}",,,,,,,,,,"{""x"": 363, ""y"": 1279}","{""x"": 389, ""y"": 1152}","{""x"": 398, ""y"": 1115}","{""x"": 391, ""y"": 1107}","{""x"": 401, ""y"": 1096}","{""x"": 393, ""y"": 1089}","{""x"": 403, ""y"": 1079}","{""x"": 397, ""y"": 1061}","{""x"": 420, ""y"": 940}","{""x"": 436, ""y"": 775}","{""x"": 427, ""y"": 783}","{""x"": 438, ""y"": 734}","{""x"": 431, ""y"": 732}","{""x"": 462, ""y"": 537}","{""x"": 450, ""y"": 561}","{""x"": 500, ""y"": 292}","{""x"": 522, ""y"": 207}","{""x"": 521, ""y"": 162}","{""x"": 529, ""y"": 125}","{""x"": 528, ""y"": 88}","{""x"": 447, ""y"": 668}",,,,,,,,,"{""x"": 411, ""y"": 1014}","{""x"": 405, ""y"": 999}","{""x"": 426, ""y"": 879}","{""x"": 419, ""y"": 876}","{""x"": 436, ""y"": 674}","{""x"": 446, ""y"": 663}","{""x"": 466, ""y"": 461}","{""x"": 483, ""y"": 417}",,,,,,,,,,"{""x1"": 117, ""y1"": 282, ""x2"": 855, ""y2"": 421}","{""x1"": 349, ""y1"": 690, ""x2"": 536, ""y2"": 717}","{""x1"": 312, ""y1"": 355, ""x2"": 693, ""y2"": 343}",MO-MG403-E-B.jpg,18849,Oak Landmark (beta),55.76,2021-07-07 21:25:46 UTC,,,7/7/2021 16:25,7/7/2021 21:25
63028485,344653418,jaimeriverajorge,"{""x"": 399, ""y"": 8}","{""x"": 443, ""y"": 27}","{""x"": 662, ""y"": 177}","{""x"": 728, ""y"": 319}","{""x"": 539, ""y"": 725}","{""x"": 575, ""y"": 922}","{""x"": 314, ""y"": 981}","{""x"": 327, ""y"": 799}","{""x"": 147, ""y"": 491}","{""x"": 120, ""y"": 261}","{""x"": 165, ""y"": 157}",,,,,,,,,"{""x"": 462, ""y"": 25}","{""x"": 712, ""y"": 206}","{""x"": 769, ""y"": 324}","{""x"": 713, ""y"": 719}","{""x"": 626, ""y"": 949}","{""x"": 264, ""y"": 1014}","{""x"": 141, ""y"": 837}","{""x"": 21, ""y"": 486}","{""x"": 55, ""y"": 289}","{""x"": 131, ""y"": 171}",,,,,,,,"{""x"": 508, ""y"": 1339}","{""x"": 463, ""y"": 1227}","{""x"": 468, ""y"": 1210}","{""x"": 455, ""y"": 1220}","{""x"": 454, ""y"": 1198}","{""x"": 464, ""y"": 1176}","{""x"": 459, ""y"": 1123}","{""x"": 449, ""y"": 1143}","{""x"": 441, ""y"": 1027}","{""x"": 448, ""y"": 984}","{""x"": 427, ""y"": 865}","{""x"": 435, ""y"": 817}","{""x"": 420, ""y"": 656}","{""x"": 426, ""y"": 589}","{""x"": 404, ""y"": 362}","{""x"": 394, ""y"": 258}","{""x"": 399, ""y"": 226}","{""x"": 388, ""y"": 130}","{""x"": 389, ""y"": 67}","{""x"": 396, ""y"": 57}","{""x"": 395, ""y"": 36}","{""x"": 399, ""y"": 35}",,,,,,,,"{""x"": 453, ""y"": 1045}","{""x"": 444, ""y"": 1078}","{""x"": 436, ""y"": 971}","{""x"": 444, ""y"": 924}","{""x"": 420, ""y"": 746}","{""x"": 432, ""y"": 694}","{""x"": 415, ""y"": 551}","{""x"": 419, ""y"": 506}","{""x"": 398, ""y"": 400}","{""x"": 393, ""y"": 106}",,,,,,,,"{""x1"": 21, ""y1"": 487, ""x2"": 768, ""y2"": 323}","{""x1"": 327, ""y1"": 799, ""x2"": 539, ""y2"": 725}","{""x1"": 147, ""y1"": 491, ""x2"": 728, ""y2"": 319}",MO-MG404-N-A.jpg,18849,Oak Landmark (beta),55.76,2021-07-06 16:02:44 UTC,,,7/6/2021 15:49,7/6/2021 16:02
63028487,344723833,jaimeriverajorge,"{""x"": 435, ""y"": 14}","{""x"": 555, ""y"": 57}","{""x"": 644, ""y"": 145}","{""x"": 635, ""y"": 365}","{""x"": 537, ""y"": 674}","{""x"": 552, ""y"": 869}","{""x"": 556, ""y"": 970}","{""x"": 306, ""y"": 992}","{""x"": 313, ""y"": 852}","{""x"": 295, ""y"": 658}","{""x"": 158, ""y"": 356}","{""x"": 222, ""y"": 206}","{""x"": 295, ""y"": 80}",,,,,,,"{""x"": 600, ""y"": 55}","{""x"": 729, ""y"": 162}","{""x"": 687, ""y"": 379}","{""x"": 787, ""y"": 759}","{""x"": 632, ""y"": 895}","{""x"": 590, ""y"": 996}","{""x"": 281, ""y"": 1008}","{""x"": 241, ""y"": 890}","{""x"": 168, ""y"": 727}","{""x"": 18, ""y"": 377}","{""x"": 128, ""y"": 177}","{""x"": 245, ""y"": 81}",,,,,,"{""x"": 402, ""y"": 1325}","{""x"": 399, ""y"": 1183}","{""x"": 392, ""y"": 1174}","{""x"": 409, ""y"": 1162}","{""x"": 399, ""y"": 1144}","{""x"": 420, ""y"": 1092}","{""x"": 419, ""y"": 1018}","{""x"": 441, ""y"": 909}","{""x"": 429, ""y"": 930}","{""x"": 452, ""y"": 745}","{""x"": 440, ""y"": 759}","{""x"": 454, ""y"": 686}","{""x"": 443, ""y"": 685}","{""x"": 447, ""y"": 547}","{""x"": 419, ""y"": 229}","{""x"": 429, ""y"": 177}","{""x"": 435, ""y"": 68}","{""x"": 431, ""y"": 76}","{""x"": 433, ""y"": 31}","{""x"": 431, ""y"": 32}",,,,,,,,,,"{""x"": 427, ""y"": 1045}","{""x"": 412, ""y"": 1077}","{""x"": 435, ""y"": 969}","{""x"": 421, ""y"": 998}","{""x"": 447, ""y"": 839}","{""x"": 434, ""y"": 849}","{""x"": 454, ""y"": 630}","{""x"": 443, ""y"": 648}","{""x"": 438, ""y"": 466}","{""x"": 432, ""y"": 512}","{""x"": 426, ""y"": 330}","{""x"": 420, ""y"": 360}",,,,,,"{""x1"": 18, ""y1"": 377, ""x2"": 688, ""y2"": 379}","{""x1"": 295, ""y1"": 658, ""x2"": 537, ""y2"": 674}","{""x1"": 157, ""y1"": 355, ""x2"": 635, ""y2"": 365}",MO-MG404-N-B.jpg,18849,Oak Landmark (beta),55.76,2021-07-06 23:06:54 UTC,,,7/6/2021 16:02,7/6/2021 23:06
63028488,343778551,jaimeriverajorge,"{""x"": 437, ""y"": 78}","{""x"": 521, ""y"": 167}","{""x"": 616, ""y"": 360}","{""x"": 484, ""y"": 680}","{""x"": 543, ""y"": 890}","{""x"": 516, ""y"": 1036}","{""x"": 276, ""y"": 980}","{""x"": 279, ""y"": 884}","{""x"": 287, ""y"": 714}","{""x"": 177, ""y"": 476}","{""x"": 217, ""y"": 238}","{""x"": 338, ""y"": 71}",,,,,,,,"{""x"": 379, ""y"": 62}","{""x"": 488, ""y"": 81}","{""x"": 608, ""y"": 122}","{""x"": 797, ""y"": 344}","{""x"": 684, ""y"": 666}","{""x"": 624, ""y"": 918}","{""x"": 524, ""y"": 1062}","{""x"": 258, ""y"": 1015}","{""x"": 226, ""y"": 910}","{""x"": 144, ""y"": 730}","{""x"": 14, ""y"": 504}","{""x"": 107, ""y"": 238}","{""x"": 291, ""y"": 56}",,,,,"{""x"": 373, ""y"": 1345}","{""x"": 379, ""y"": 1231}","{""x"": 384, ""y"": 1215}","{""x"": 376, ""y"": 1210}","{""x"": 388, ""y"": 1179}","{""x"": 377, ""y"": 1178}","{""x"": 397, ""y"": 1075}","{""x"": 404, ""y"": 944}","{""x"": 407, ""y"": 791}","{""x"": 399, ""y"": 785}","{""x"": 412, ""y"": 695}","{""x"": 418, ""y"": 324}",,,,,,,,,,,,,,,,,,"{""x"": 393, ""y"": 1126}","{""x"": 387, ""y"": 1088}","{""x"": 400, ""y"": 1028}","{""x"": 393, ""y"": 1009}","{""x"": 406, ""y"": 888}","{""x"": 398, ""y"": 897}","{""x"": 399, ""y"": 743}","{""x"": 412, ""y"": 678}","{""x"": 401, ""y"": 594}","{""x"": 417, ""y"": 481}","{""x"": 410, ""y"": 413}","{""x"": 417, ""y"": 212}","{""x"": 421, ""y"": 205}",,,,,"{""x1"": 14, ""y1"": 505, ""x2"": 797, ""y2"": 346}","{""x1"": 287, ""y1"": 714, ""x2"": 486, ""y2"": 679}","{""x1"": 177, ""y1"": 474, ""x2"": 617, ""y2"": 360}",MO-MG404-S-A.jpg,18849,Oak Landmark (beta),55.76,2021-06-30 17:49:15 UTC,,,6/30/2021 16:38,6/30/2021 17:49
63028490,343814850,jaimeriverajorge,"{""x"": 434, ""y"": 10}","{""x"": 491, ""y"": 270}","{""x"": 483, ""y"": 563}","{""x"": 441, ""y"": 809}","{""x"": 467, ""y"": 967}","{""x"": 270, ""y"": 1018}","{""x"": 333, ""y"": 822}","{""x"": 243, ""y"": 603}","{""x"": 166, ""y"": 279}",,,,,,,,,,,"{""x"": 582, ""y"": 297}","{""x"": 198, ""y"": 37}","{""x"": 43, ""y"": 275}","{""x"": 59, ""y"": 615}","{""x"": 158, ""y"": 868}","{""x"": 237, ""y"": 1045}","{""x"": 490, ""y"": 994}","{""x"": 582, ""y"": 804}","{""x"": 652, ""y"": 560}",,,,,,,,,"{""x"": 406, ""y"": 1342}","{""x"": 382, ""y"": 1211}","{""x"": 376, ""y"": 1191}","{""x"": 384, ""y"": 1173}","{""x"": 373, ""y"": 1151}","{""x"": 380, ""y"": 1124}","{""x"": 364, ""y"": 1028}","{""x"": 372, ""y"": 996}","{""x"": 362, ""y"": 869}","{""x"": 354, ""y"": 893}","{""x"": 357, ""y"": 807}","{""x"": 353, ""y"": 707}","{""x"": 352, ""y"": 645}","{""x"": 361, ""y"": 646}","{""x"": 359, ""y"": 468}","{""x"": 371, ""y"": 395}","{""x"": 390, ""y"": 274}","{""x"": 393, ""y"": 210}","{""x"": 423, ""y"": 108}","{""x"": 420, ""y"": 80}","{""x"": 430, ""y"": 43}",,,,,,,,,"{""x"": 369, ""y"": 1086}","{""x"": 376, ""y"": 1055}","{""x"": 360, ""y"": 971}","{""x"": 369, ""y"": 955}","{""x"": 347, ""y"": 820}","{""x"": 358, ""y"": 765}","{""x"": 355, ""y"": 595}","{""x"": 365, ""y"": 556}","{""x"": 366, ""y"": 391}",,,,,,,,,"{""x1"": 59, ""y1"": 614, ""x2"": 652, ""y2"": 561}","{""x1"": 333, ""y1"": 822, ""x2"": 441, ""y2"": 809}","{""x1"": 243, ""y1"": 602, ""x2"": 482, ""y2"": 563}",MO-MG404-W-A.jpg,18849,Oak Landmark (beta),55.76,2021-06-30 20:49:57 UTC,,,6/30/2021 16:35,6/30/2021 20:49
63028502,343574023,jaimeriverajorge,"{""x"": 297, ""y"": 61}","{""x"": 310, ""y"": 167}","{""x"": 365, ""y"": 450}","{""x"": 413, ""y"": 582}","{""x"": 454, ""y"": 793}","{""x"": 440, ""y"": 879}","{""x"": 513, ""y"": 850}","{""x"": 485, ""y"": 768}","{""x"": 478, ""y"": 569}","{""x"": 469, ""y"": 384}","{""x"": 439, ""y"": 154}",,,,,,,,,"{""x"": 657, ""y"": 180}","{""x"": 517, ""y"": 144}","{""x"": 401, ""y"": 84}","{""x"": 226, ""y"": 152}","{""x"": 146, ""y"": 303}","{""x"": 303, ""y"": 607}","{""x"": 574, ""y"": 586}","{""x"": 164, ""y"": 640}","{""x"": 214, ""y"": 827}","{""x"": 670, ""y"": 890}","{""x"": 703, ""y"": 714}","{""x"": 803, ""y"": 472}",,,,,,"{""x"": 483, ""y"": 1234}","{""x"": 477, ""y"": 1063}","{""x"": 484, ""y"": 1027}","{""x"": 475, ""y"": 1020}","{""x"": 477, ""y"": 928}","{""x"": 482, ""y"": 903}","{""x"": 480, ""y"": 850}","{""x"": 467, ""y"": 733}","{""x"": 470, ""y"": 714}","{""x"": 449, ""y"": 610}","{""x"": 446, ""y"": 539}","{""x"": 437, ""y"": 456}","{""x"": 399, ""y"": 267}",,,,,,,,,,,,,,,,,"{""x"": 484, ""y"": 945}","{""x"": 484, ""y"": 994}","{""x"": 476, ""y"": 972}","{""x"": 473, ""y"": 850}","{""x"": 480, ""y"": 819}","{""x"": 461, ""y"": 684}","{""x"": 465, ""y"": 667}","{""x"": 448, ""y"": 597}","{""x"": 449, ""y"": 514}","{""x"": 411, ""y"": 373}","{""x"": 413, ""y"": 350}","{""x"": 391, ""y"": 237}",,,,,,"{""x1"": 164, ""y1"": 639, ""x2"": 803, ""y2"": 474}","{""x1"": 454, ""y1"": 793, ""x2"": 485, ""y2"": 769}","{""x1"": 412, ""y1"": 582, ""x2"": 478, ""y2"": 569}",OH-MG805E-A.jpg,18849,Oak Landmark (beta),55.76,2021-06-29 18:09:36 UTC,,,6/29/2021 17:47,6/29/2021 18:09
63028511,344539752,jaimeriverajorge,"{""x"": 315, ""y"": 95}","{""x"": 340, ""y"": 131}","{""x"": 289, ""y"": 138}","{""x"": 399, ""y"": 173}","{""x"": 478, ""y"": 332}","{""x"": 566, ""y"": 471}","{""x"": 576, ""y"": 751}","{""x"": 597, ""y"": 873}","{""x"": 685, ""y"": 915}","{""x"": 478, ""y"": 936}","{""x"": 545, ""y"": 877}","{""x"": 534, ""y"": 772}","{""x"": 372, ""y"": 526}","{""x"": 299, ""y"": 339}","{""x"": 279, ""y"": 214}",,,,,"{""x"": 363, ""y"": 101}","{""x"": 451, ""y"": 125}","{""x"": 615, ""y"": 223}","{""x"": 763, ""y"": 194}","{""x"": 766, ""y"": 576}","{""x"": 772, ""y"": 845}","{""x"": 704, ""y"": 922}","{""x"": 455, ""y"": 945}","{""x"": 377, ""y"": 840}","{""x"": 313, ""y"": 709}","{""x"": 80, ""y"": 518}","{""x"": 135, ""y"": 315}","{""x"": 218, ""y"": 197}","{""x"": 256, ""y"": 137}",,,,"{""x"": 577, ""y"": 1184}","{""x"": 590, ""y"": 1072}","{""x"": 593, ""y"": 1064}","{""x"": 587, ""y"": 1062}","{""x"": 591, ""y"": 1041}","{""x"": 583, ""y"": 1039}","{""x"": 577, ""y"": 982}","{""x"": 578, ""y"": 912}","{""x"": 576, ""y"": 888}","{""x"": 574, ""y"": 866}","{""x"": 562, ""y"": 861}","{""x"": 562, ""y"": 790}","{""x"": 555, ""y"": 795}","{""x"": 552, ""y"": 775}","{""x"": 558, ""y"": 768}","{""x"": 551, ""y"": 734}","{""x"": 547, ""y"": 748}","{""x"": 538, ""y"": 715}","{""x"": 544, ""y"": 703}","{""x"": 537, ""y"": 672}","{""x"": 529, ""y"": 677}","{""x"": 529, ""y"": 642}","{""x"": 519, ""y"": 644}","{""x"": 494, ""y"": 576}","{""x"": 442, ""y"": 455}","{""x"": 326, ""y"": 168}","{""x"": 319, ""y"": 144}","{""x"": 315, ""y"": 139}","{""x"": 317, ""y"": 115}","{""x"": 578, ""y"": 999}","{""x"": 587, ""y"": 1005}","{""x"": 581, ""y"": 952}","{""x"": 574, ""y"": 947}","{""x"": 569, ""y"": 833}","{""x"": 563, ""y"": 843}","{""x"": 525, ""y"": 638}","{""x"": 514, ""y"": 629}","{""x"": 488, ""y"": 547}","{""x"": 461, ""y"": 510}","{""x"": 411, ""y"": 382}","{""x"": 395, ""y"": 360}","{""x"": 354, ""y"": 246}","{""x"": 348, ""y"": 244}",,,,"{""x1"": 80, ""y1"": 518, ""x2"": 763, ""y2"": 195}","{""x1"": 534, ""y1"": 772, ""x2"": 576, ""y2"": 751}","{""x1"": 372, ""y1"": 526, ""x2"": 566, ""y2"": 471}",OH-MG805W-B.jpg,18849,Oak Landmark (beta),55.76,2021-07-05 21:02:13 UTC,,,7/5/2021 20:40,7/5/2021 21:02
