subject_id,project_id,workflow_id,subject_set_id,metadata,locations,classifications_count,retired_at,retirement_reason,created_at,updated_at
62982501,16337,,96023,"{""Filename"":""IA-MG243-E-A_Smaller.jpg""}","{""0"":""https://panoptes-uploads.zooniverse.org/subject_location/3892b070-8e57-406d-9e77-b1c4b9f4c4e6.jpeg""}",0,,,2021-06-22 19:21:02 UTC,2021-06-22 19:21:02 UTC
62982502,16337,,96023,"{""Filename"":""IA-MG243-N-B_smaller.jpg""}","{""0"":""https://panoptes-uploads.zooniverse.org/subject_location/c330f5f1-8bb2-4d56-a642-17992e17b19c.jpeg""}",0,,,2021-06-22 19:21:03 UTC,2021-06-22 19:21:03 UTC
62982503,16337,,96023,"{""Filename"":""IA-MG244-W-B_Smaller.jpg""}","{""0"":""https://panoptes-uploads.zooniverse.org/subject_location/36441c99-a832-4c53-a9a5-05c87213b554.jpeg""}",0,,,2021-06-22 19:21:03 UTC,2021-06-22 19:21:03 UTC
63028122,16337,,96058,"{""Filename"":""IA-MG243-E-A_Smaller.jpg""}","{""0"":""https://panoptes-uploads.zooniverse.org/subject_location/7a92ea90-9527-4b21-bc7c-f3961b7c84fa.jpeg""}",0,,,2021-06-23 17:46:52 UTC,2021-06-23 17:46:52 UTC
63028123,16337,,96058,"{""Filename"":""IA-MG243-N-B_smaller.jpg""}","{""0"":""https://panoptes-uploads.zooniverse.org/subject_location/1d8ba1bb-8cf9-4094-9684-5cc2a756aa5b.jpeg""}",0,,,2021-06-23 17:46:53 UTC,2021-06-23 17:46:53 UTC
63028125,16337,,96058,"{""Filename"":""IA-MG244-W-B_Smaller.jpg""}","{""0"":""https://panoptes-uploads.zooniverse.org/subject_location/5720f250-862f-40e9-b2c2-aadcce628d37.jpeg""}",0,,,2021-06-23 17:46:54 UTC,2021-06-23 17:46:54 UTC
63028207,16337,18849,96059,"{""Filename"":""IA-MG243-E-A.jpg""}","{""0"":""https://panoptes-uploads.zooniverse.org/subject_location/31757a3d-3241-4038-8baa-d69e1812796d.jpeg""}",0,,,2021-06-23 17:48:01 UTC,2021-06-23 17:48:01 UTC
63028209,16337,18849,96059,"{""Filename"":""IA-MG243-E-B.jpg""}","{""0"":""https://panoptes-uploads.zooniverse.org/subject_location/dbd03a57-26e7-4e87-bca1-fcca31ec0f0c.jpeg""}",0,,,2021-06-23 17:48:02 UTC,2021-06-23 17:48:02 UTC
63028210,16337,18849,96059,"{""Filename"":""IA-MG243-N-A.jpg""}","{""0"":""https://panoptes-uploads.zooniverse.org/subject_location/4005b654-f814-4083-8e91-ce7b657b7cca.jpeg""}",0,,,2021-06-23 17:48:02 UTC,2021-06-23 17:48:02 UTC
63028211,16337,18849,96059,"{""Filename"":""IA-MG243-N-B.jpg""}","{""0"":""https://panoptes-uploads.zooniverse.org/subject_location/75e0fbfc-c618-4ea5-9bbf-344220b61474.jpeg""}",0,,,2021-06-23 17:48:02 UTC,2021-06-23 17:48:02 UTC
63028212,16337,18849,96059,"{""Filename"":""IA-MG243-S-A.jpg""}","{""0"":""https://panoptes-uploads.zooniverse.org/subject_location/0d06ae06-3ecc-44fc-a8c0-fb33c8955959.jpeg""}",0,,,2021-06-23 17:48:02 UTC,2021-06-23 17:48:02 UTC
63028214,16337,18849,96059,"{""Filename"":""IA-MG243-S-B.jpg""}","{""0"":""https://panoptes-uploads.zooniverse.org/subject_location/758d047d-4a2a-45c4-938b-2213a311a9e5.jpeg""}",0,,,2021-06-23 17:48:02 UTC,2021-06-23 17:48:02 UTC
63028215,16337,18849,96059,"{""Filename"":""IA-MG243-W-A.jpg""}","{""0"":""https://panoptes-uploads.zooniverse.org/subject_location/b269090f-2c47-4982-959f-f74e7109cc91.jpeg""}",0,,,2021-06-23 17:48:03 UTC,2021-06-23 17:48:03 UTC
63028216,16337,18849,96059,"{""Filename"":""IA-MG243-W-B.jpg""}","{""0"":""https://panoptes-uploads.zooniverse.org/subject_location/58859777-b36c-470c-be87-b6722896916a.jpeg""}",0,,,2021-06-23 17:48:03 UTC,2021-06-23 17:48:03 UTC
63028218,16337,18849,96059,"{""Filename"":""IA-MG244-E-A.jpg""}","{""0"":""https://panoptes-uploads.zooniverse.org/subject_location/201fbda7-a51b-4ca2-87be-a5697576d638.jpeg""}",0,,,2021-06-23 17:48:04 UTC,2021-06-23 17:48:04 UTC
63028219,16337,18849,96059,"{""Filename"":""IA-MG244-E-B.jpg""}","{""0"":""https://panoptes-uploads.zooniverse.org/subject_location/84ef0874-15df-466c-85cc-c55783aeaa0d.jpeg""}",0,,,2021-06-23 17:48:04 UTC,2021-06-23 17:48:04 UTC
63028221,16337,18849,96059,"{""Filename"":""IA-MG244-N-A.jpg""}","{""0"":""https://panoptes-uploads.zooniverse.org/subject_location/89f574e7-f4ca-489e-bb3a-fb72919131d6.jpeg""}",0,,,2021-06-23 17:48:04 UTC,2021-06-23 17:48:04 UTC
63028222,16337,18849,96059,"{""Filename"":""IA-MG244-N-B.jpg""}","{""0"":""https://panoptes-uploads.zooniverse.org/subject_location/5bda01ae-cfdd-4b39-82b7-84d201237512.jpeg""}",0,,,2021-06-23 17:48:04 UTC,2021-06-23 17:48:04 UTC
63028223,16337,18849,96059,"{""Filename"":""IA-MG244-S-A.jpg""}","{""0"":""https://panoptes-uploads.zooniverse.org/subject_location/e719c4b4-5d6b-44a3-86d6-66990b0a71a7.jpeg""}",0,,,2021-06-23 17:48:04 UTC,2021-06-23 17:48:04 UTC
63028225,16337,18849,96059,"{""Filename"":""IA-MG244-S-B.jpg""}","{""0"":""https://panoptes-uploads.zooniverse.org/subject_location/a5641645-de4a-4256-9846-fe7a2c4278f9.jpeg""}",0,,,2021-06-23 17:48:05 UTC,2021-06-23 17:48:05 UTC
63028226,16337,18849,96059,"{""Filename"":""IA-MG244-S-C.jpg""}","{""0"":""https://panoptes-uploads.zooniverse.org/subject_location/605ffdf0-67f8-4798-aa20-d3a9da8384f8.jpeg""}",0,,,2021-06-23 17:48:05 UTC,2021-06-23 17:48:05 UTC
63028227,16337,18849,96059,"{""Filename"":""IA-MG244-S-D.jpg""}","{""0"":""https://panoptes-uploads.zooniverse.org/subject_location/eac91fd7-88fa-4e06-bdc1-991c0fd7321b.jpeg""}",0,,,2021-06-23 17:48:05 UTC,2021-06-23 17:48:05 UTC
63028228,16337,18849,96059,"{""Filename"":""IA-MG244-W-A.jpg""}","{""0"":""https://panoptes-uploads.zooniverse.org/subject_location/2002e0eb-0e0b-4d0d-8caf-476f85eeb459.jpeg""}",0,,,2021-06-23 17:48:05 UTC,2021-06-23 17:48:05 UTC
63028230,16337,18849,96059,"{""Filename"":""IA-MG244-W-B.jpg""}","{""0"":""https://panoptes-uploads.zooniverse.org/subject_location/486ca8d2-49c2-43e6-9fdc-acbe0f331817.jpeg""}",0,,,2021-06-23 17:48:06 UTC,2021-06-23 17:48:06 UTC
63028231,16337,18849,96059,"{""Filename"":""IA-MG245-E-A.jpg""}","{""0"":""https://panoptes-uploads.zooniverse.org/subject_location/06049060-a8d5-4aa3-aca8-0004498e74bc.jpeg""}",0,,,2021-06-23 17:48:06 UTC,2021-06-23 17:48:06 UTC
63028233,16337,18849,96059,"{""Filename"":""IA-MG245-E-B.jpg""}","{""0"":""https://panoptes-uploads.zooniverse.org/subject_location/a2d8c49a-3ee8-4b16-a036-8876713ccefd.jpeg""}",0,,,2021-06-23 17:48:06 UTC,2021-06-23 17:48:06 UTC
63028234,16337,18849,96059,"{""Filename"":""IA-MG245-N-A.jpg""}","{""0"":""https://panoptes-uploads.zooniverse.org/subject_location/b5a3480e-f62b-4cac-9c72-24528544562e.jpeg""}",0,,,2021-06-23 17:48:07 UTC,2021-06-23 17:48:07 UTC
63028235,16337,18849,96059,"{""Filename"":""IA-MG245-N-B.jpg""}","{""0"":""https://panoptes-uploads.zooniverse.org/subject_location/dc0a9482-93b5-4de2-a1dd-f2f112aad36f.jpeg""}",0,,,2021-06-23 17:48:07 UTC,2021-06-23 17:48:07 UTC
63028236,16337,18849,96059,"{""Filename"":""IA-MG245-S-A.jpg""}","{""0"":""https://panoptes-uploads.zooniverse.org/subject_location/bb88bbb2-b847-44ef-af28-9f7ff3c63661.jpeg""}",0,,,2021-06-23 17:48:07 UTC,2021-06-23 17:48:07 UTC
63028238,16337,18849,96059,"{""Filename"":""IA-MG245-S-B.jpg""}","{""0"":""https://panoptes-uploads.zooniverse.org/subject_location/a9b012b2-a455-487e-8550-f3ae55b6ec0d.jpeg""}",0,,,2021-06-23 17:48:08 UTC,2021-06-23 17:48:08 UTC
63028239,16337,18849,96059,"{""Filename"":""IA-MG245-W-A.jpg""}","{""0"":""https://panoptes-uploads.zooniverse.org/subject_location/940729f7-99d5-4fb4-a359-db1f7ec8741e.jpeg""}",0,,,2021-06-23 17:48:08 UTC,2021-06-23 17:48:08 UTC
63028240,16337,18849,96059,"{""Filename"":""IA-MG245-W-B.jpg""}","{""0"":""https://panoptes-uploads.zooniverse.org/subject_location/f8a5d118-3cb1-42fd-a9c8-233392a5d790.jpeg""}",0,,,2021-06-23 17:48:08 UTC,2021-06-23 17:48:08 UTC
63028242,16337,18849,96059,"{""Filename"":""IL-MG603-E-A.jpg""}","{""0"":""https://panoptes-uploads.zooniverse.org/subject_location/6c181c4f-c289-4452-9898-b829b7d8c24c.jpeg""}",0,,,2021-06-23 17:48:08 UTC,2021-06-23 17:48:08 UTC
63028243,16337,18849,96059,"{""Filename"":""IL-MG603-E-B.jpg""}","{""0"":""https://panoptes-uploads.zooniverse.org/subject_location/8f5790c7-4b1f-481a-9d79-3a42c5a4d99b.jpeg""}",0,,,2021-06-23 17:48:08 UTC,2021-06-23 17:48:08 UTC
63028244,16337,18849,96059,"{""Filename"":""IL-MG603-N-A.jpg""}","{""0"":""https://panoptes-uploads.zooniverse.org/subject_location/818d19eb-ad25-40bf-aaab-52d5a9346a3a.jpeg""}",0,,,2021-06-23 17:48:09 UTC,2021-06-23 17:48:09 UTC
63028245,16337,18849,96059,"{""Filename"":""IL-MG603-N-B.jpg""}","{""0"":""https://panoptes-uploads.zooniverse.org/subject_location/af6839b7-f221-401f-a5e5-863163f8b397.jpeg""}",0,,,2021-06-23 17:48:09 UTC,2021-06-23 17:48:09 UTC
63028247,16337,18849,96059,"{""Filename"":""IL-MG603-S-A.jpg""}","{""0"":""https://panoptes-uploads.zooniverse.org/subject_location/2d30e8bd-e1d3-4323-a8ce-8c1393479516.jpeg""}",0,,,2021-06-23 17:48:09 UTC,2021-06-23 17:48:09 UTC
63028248,16337,18849,96059,"{""Filename"":""IL-MG603-S-B.jpg""}","{""0"":""https://panoptes-uploads.zooniverse.org/subject_location/b60a924c-3288-4f0f-aa5e-5d752f94051a.jpeg""}",0,,,2021-06-23 17:48:09 UTC,2021-06-23 17:48:09 UTC
63028249,16337,18849,96059,"{""Filename"":""IL-MG603-W-B.jpg""}","{""0"":""https://panoptes-uploads.zooniverse.org/subject_location/b25c918e-6b98-4f84-ae05-f11aa24f6660.jpeg""}",0,,,2021-06-23 17:48:09 UTC,2021-06-23 17:48:09 UTC
63028250,16337,18849,96059,"{""Filename"":""IL-MG604-E-A.jpg""}","{""0"":""https://panoptes-uploads.zooniverse.org/subject_location/35213fbc-062a-4ada-aeee-4064b7e7cfab.jpeg""}",0,,,2021-06-23 17:48:10 UTC,2021-06-23 17:48:10 UTC
63028252,16337,18849,96059,"{""Filename"":""IL-MG604-E-B.jpg""}","{""0"":""https://panoptes-uploads.zooniverse.org/subject_location/cb4bce9e-6bcb-4918-9abd-98eb57138c21.jpeg""}",0,,,2021-06-23 17:48:10 UTC,2021-06-23 17:48:10 UTC
63028253,16337,18849,96059,"{""Filename"":""IL-MG604-N-A.jpg""}","{""0"":""https://panoptes-uploads.zooniverse.org/subject_location/4a9ef8b3-0e2c-499a-9d1f-955b39983c77.jpeg""}",0,,,2021-06-23 17:48:10 UTC,2021-06-23 17:48:10 UTC
63028254,16337,18849,96059,"{""Filename"":""IL-MG604-N-B.jpg""}","{""0"":""https://panoptes-uploads.zooniverse.org/subject_location/9ae5817a-2e25-4487-a38f-71839fd258fd.jpeg""}",0,,,2021-06-23 17:48:10 UTC,2021-06-23 17:48:10 UTC
63028255,16337,18849,96059,"{""Filename"":""IL-MG604-S-A.jpg""}","{""0"":""https://panoptes-uploads.zooniverse.org/subject_location/7efdf8cd-1a77-46c0-b566-d49dfb73ea6c.jpeg""}",0,,,2021-06-23 17:48:10 UTC,2021-06-23 17:48:10 UTC
63028257,16337,18849,96059,"{""Filename"":""IL-MG604-S-B.jpg""}","{""0"":""https://panoptes-uploads.zooniverse.org/subject_location/925008e3-0b4b-4a4d-a377-b569f82b1df4.jpeg""}",0,,,2021-06-23 17:48:11 UTC,2021-06-23 17:48:11 UTC
63028258,16337,18849,96059,"{""Filename"":""IL-MG604-W-A.jpg""}","{""0"":""https://panoptes-uploads.zooniverse.org/subject_location/71c78284-56e5-4dee-84f1-3d4d933bdeb9.jpeg""}",0,,,2021-06-23 17:48:11 UTC,2021-06-23 17:48:11 UTC
63028259,16337,18849,96059,"{""Filename"":""IL-MG604-W-B.jpg""}","{""0"":""https://panoptes-uploads.zooniverse.org/subject_location/e5a1f1d8-3ee3-42d5-a1a7-5a6bbceb9d61.jpeg""}",0,,,2021-06-23 17:48:11 UTC,2021-06-23 17:48:11 UTC
63028260,16337,18849,96059,"{""Filename"":""IL-SF001-E-A.jpg""}","{""0"":""https://panoptes-uploads.zooniverse.org/subject_location/c4285e8b-be82-41d5-9fca-1135ba2dc61e.jpeg""}",0,,,2021-06-23 17:48:11 UTC,2021-06-23 17:48:11 UTC
63028261,16337,18849,96059,"{""Filename"":""IL-SF001-E-B.jpg""}","{""0"":""https://panoptes-uploads.zooniverse.org/subject_location/5eff30fa-ac75-492d-9fc9-ed45938ed231.jpeg""}",0,,,2021-06-23 17:48:11 UTC,2021-06-23 17:48:11 UTC
63028263,16337,18849,96059,"{""Filename"":""IL-SF001-N-A.jpg""}","{""0"":""https://panoptes-uploads.zooniverse.org/subject_location/1465112b-bd29-4ba7-be75-88c84fa682b6.jpeg""}",0,,,2021-06-23 17:48:12 UTC,2021-06-23 17:48:12 UTC
63028264,16337,18849,96059,"{""Filename"":""IL-SF001-N-B.jpg""}","{""0"":""https://panoptes-uploads.zooniverse.org/subject_location/d0dc234c-1a8c-4147-8488-3685916d2a10.jpeg""}",0,,,2021-06-23 17:48:12 UTC,2021-06-23 17:48:12 UTC
63028265,16337,18849,96059,"{""Filename"":""IL-SF001-S-A.jpg""}","{""0"":""https://panoptes-uploads.zooniverse.org/subject_location/becf0e6c-b4a9-4d16-a874-f4d368b8c561.jpeg""}",0,,,2021-06-23 17:48:12 UTC,2021-06-23 17:48:12 UTC
63028267,16337,18849,96059,"{""Filename"":""IL-SF001-S-B.jpg""}","{""0"":""https://panoptes-uploads.zooniverse.org/subject_location/f446563a-92b7-4037-9b7d-d83ebbb0e598.jpeg""}",0,,,2021-06-23 17:48:12 UTC,2021-06-23 17:48:12 UTC
63028268,16337,18849,96059,"{""Filename"":""IL-SF001-W-A.jpg""}","{""0"":""https://panoptes-uploads.zooniverse.org/subject_location/8854e104-fc41-4c51-93b5-474fd9f6b335.jpeg""}",0,,,2021-06-23 17:48:12 UTC,2021-06-23 17:48:12 UTC
63028269,16337,18849,96059,"{""Filename"":""IL-SF001-W-B.jpg""}","{""0"":""https://panoptes-uploads.zooniverse.org/subject_location/74d3c951-912c-44fc-b381-69dde1608377.jpeg""}",0,,,2021-06-23 17:48:13 UTC,2021-06-23 17:48:13 UTC
63028270,16337,18849,96059,"{""Filename"":""IL-SF002-E-A.jpg""}","{""0"":""https://panoptes-uploads.zooniverse.org/subject_location/f8259564-26db-498f-bb60-eee7d2c0a134.jpeg""}",0,,,2021-06-23 17:48:13 UTC,2021-06-23 17:48:13 UTC
63028272,16337,18849,96059,"{""Filename"":""IL-SF002-E-B.jpg""}","{""0"":""https://panoptes-uploads.zooniverse.org/subject_location/8109536a-b71c-4012-bf0a-952fffa3ba7d.jpeg""}",0,,,2021-06-23 17:48:13 UTC,2021-06-23 17:48:13 UTC
63028273,16337,18849,96059,"{""Filename"":""IL-SF002-N-A.jpg""}","{""0"":""https://panoptes-uploads.zooniverse.org/subject_location/d285903c-f1d3-4bfc-b825-1eb6209493a7.jpeg""}",0,,,2021-06-23 17:48:13 UTC,2021-06-23 17:48:13 UTC
63028274,16337,18849,96059,"{""Filename"":""IL-SF002-N-B.jpg""}","{""0"":""https://panoptes-uploads.zooniverse.org/subject_location/58eacb68-12fd-4c84-9cb3-c30ad3c98763.jpeg""}",0,,,2021-06-23 17:48:14 UTC,2021-06-23 17:48:14 UTC
63028275,16337,18849,96059,"{""Filename"":""IL-SF002-S-A.jpg""}","{""0"":""https://panoptes-uploads.zooniverse.org/subject_location/0c819574-a367-40a7-a770-14089dc7fd1b.jpeg""}",0,,,2021-06-23 17:48:14 UTC,2021-06-23 17:48:14 UTC
63028277,16337,18849,96059,"{""Filename"":""IL-SF002-S-B.jpg""}","{""0"":""https://panoptes-uploads.zooniverse.org/subject_location/1b564fe9-9427-4da8-a232-b6ace151b5c4.jpeg""}",0,,,2021-06-23 17:48:14 UTC,2021-06-23 17:48:14 UTC
63028278,16337,18849,96059,"{""Filename"":""IL-SF002-W-A.jpg""}","{""0"":""https://panoptes-uploads.zooniverse.org/subject_location/b0e8e6aa-e48d-4d4d-8cbc-a8aa6287bce4.jpeg""}",0,,,2021-06-23 17:48:14 UTC,2021-06-23 17:48:14 UTC
63028279,16337,18849,96059,"{""Filename"":""IL-SF002-W-B.jpg""}","{""0"":""https://panoptes-uploads.zooniverse.org/subject_location/142114b0-55d5-4e11-839e-2d0b927c3002.jpeg""}",0,,,2021-06-23 17:48:14 UTC,2021-06-23 17:48:14 UTC
63028280,16337,18849,96059,"{""Filename"":""IL-SF003-E-A.jpg""}","{""0"":""https://panoptes-uploads.zooniverse.org/subject_location/dac532cd-03c9-497e-a013-15cbd37f3b61.jpeg""}",0,,,2021-06-23 17:48:15 UTC,2021-06-23 17:48:15 UTC
63028282,16337,18849,96059,"{""Filename"":""IL-SF003-N-A.jpg""}","{""0"":""https://panoptes-uploads.zooniverse.org/subject_location/4070b8d0-1dbe-49c9-a97f-d16ca821b226.jpeg""}",0,,,2021-06-23 17:48:15 UTC,2021-06-23 17:48:15 UTC
63028283,16337,18849,96059,"{""Filename"":""IL-SF003-S-A.jpg""}","{""0"":""https://panoptes-uploads.zooniverse.org/subject_location/9ba23cfe-2f07-4b6f-864b-e879cf310628.jpeg""}",0,,,2021-06-23 17:48:15 UTC,2021-06-23 17:48:15 UTC
63028284,16337,18849,96059,"{""Filename"":""IL-SF003-S-B.jpg""}","{""0"":""https://panoptes-uploads.zooniverse.org/subject_location/46331df4-2b99-4260-a1d3-d554eed1bae0.jpeg""}",0,,,2021-06-23 17:48:15 UTC,2021-06-23 17:48:15 UTC
63028286,16337,18849,96059,"{""Filename"":""IL-SF003-W-A.jpg""}","{""0"":""https://panoptes-uploads.zooniverse.org/subject_location/7fe9f855-9f02-48a5-b86d-fbfe37d14183.jpeg""}",0,,,2021-06-23 17:48:16 UTC,2021-06-23 17:48:16 UTC
63028287,16337,18849,96059,"{""Filename"":""IL-SF003-W-B.jpg""}","{""0"":""https://panoptes-uploads.zooniverse.org/subject_location/3208800d-fe99-4c01-bcfb-44ee84382bf3.jpeg""}",0,,,2021-06-23 17:48:16 UTC,2021-06-23 17:48:16 UTC
63028288,16337,18849,96059,"{""Filename"":""IN-MG631-E-A.jpg""}","{""0"":""https://panoptes-uploads.zooniverse.org/subject_location/e4b4c179-55da-42a9-a63d-41b4233bc53d.jpeg""}",0,,,2021-06-23 17:48:16 UTC,2021-06-23 17:48:16 UTC
63028290,16337,18849,96059,"{""Filename"":""IN-MG631-E-B.jpg""}","{""0"":""https://panoptes-uploads.zooniverse.org/subject_location/cfbe4e73-a6c4-46a5-bfe6-48d571914cd0.jpeg""}",0,,,2021-06-23 17:48:17 UTC,2021-06-23 17:48:17 UTC
63028291,16337,18849,96059,"{""Filename"":""IN-MG631-N-A.jpg""}","{""0"":""https://panoptes-uploads.zooniverse.org/subject_location/1a986874-2e70-448c-ac47-b8c5a3e904a3.jpeg""}",0,,,2021-06-23 17:48:17 UTC,2021-06-23 17:48:17 UTC
63028293,16337,18849,96059,"{""Filename"":""IN-MG631-N-B.jpg""}","{""0"":""https://panoptes-uploads.zooniverse.org/subject_location/5a7fbcec-3c3d-42f2-b96f-b60170aa82fa.jpeg""}",0,,,2021-06-23 17:48:17 UTC,2021-06-23 17:48:17 UTC
63028294,16337,18849,96059,"{""Filename"":""IN-MG631-S-A.jpg""}","{""0"":""https://panoptes-uploads.zooniverse.org/subject_location/b590e96c-dd74-43cd-b593-f3827114c3c2.jpeg""}",0,,,2021-06-23 17:48:17 UTC,2021-06-23 17:48:17 UTC
63028295,16337,18849,96059,"{""Filename"":""IN-MG631-S-B.jpg""}","{""0"":""https://panoptes-uploads.zooniverse.org/subject_location/9d735a6e-af76-4bf0-88b1-ee0d271e91f0.jpeg""}",0,,,2021-06-23 17:48:18 UTC,2021-06-23 17:48:18 UTC
63028296,16337,18849,96059,"{""Filename"":""IN-MG631-W-B.jpg""}","{""0"":""https://panoptes-uploads.zooniverse.org/subject_location/7fe2c684-ae7f-49d3-b1cc-1e639184e697.jpeg""}",0,,,2021-06-23 17:48:18 UTC,2021-06-23 17:48:18 UTC
63028298,16337,18849,96059,"{""Filename"":""IN-MG636-E-A.jpg""}","{""0"":""https://panoptes-uploads.zooniverse.org/subject_location/0264c251-a479-4869-9a46-ed6f86346737.jpeg""}",0,,,2021-06-23 17:48:18 UTC,2021-06-23 17:48:18 UTC
63028299,16337,18849,96059,"{""Filename"":""IN-MG636-E-B.jpg""}","{""0"":""https://panoptes-uploads.zooniverse.org/subject_location/52e9293c-833b-4989-becf-cffdd6a11227.jpeg""}",0,,,2021-06-23 17:48:19 UTC,2021-06-23 17:48:19 UTC
63028301,16337,18849,96059,"{""Filename"":""IN-MG636-N-A.jpg""}","{""0"":""https://panoptes-uploads.zooniverse.org/subject_location/e4802064-97a8-42c7-a746-d8d4f3e205f0.jpeg""}",0,,,2021-06-23 17:48:19 UTC,2021-06-23 17:48:19 UTC
63028302,16337,18849,96059,"{""Filename"":""IN-MG636-N-B.jpg""}","{""0"":""https://panoptes-uploads.zooniverse.org/subject_location/0fd01d7a-7311-48dd-9c66-e0c40bb94664.jpeg""}",0,,,2021-06-23 17:48:19 UTC,2021-06-23 17:48:19 UTC
63028303,16337,18849,96059,"{""Filename"":""IN-MG636-S-A.jpg""}","{""0"":""https://panoptes-uploads.zooniverse.org/subject_location/ed863bad-3f55-44f1-a9e8-d7eb002c0bb3.jpeg""}",0,,,2021-06-23 17:48:19 UTC,2021-06-23 17:48:19 UTC
63028305,16337,18849,96059,"{""Filename"":""IN-MG636-S-B.jpg""}","{""0"":""https://panoptes-uploads.zooniverse.org/subject_location/ff0d8035-1d9a-45ae-b2b9-eb1d53c7674f.jpeg""}",0,,,2021-06-23 17:48:20 UTC,2021-06-23 17:48:20 UTC
63028306,16337,18849,96059,"{""Filename"":""IN-MG636-W-A.jpg""}","{""0"":""https://panoptes-uploads.zooniverse.org/subject_location/2f3e0f22-3fff-488b-9763-67abba65f423.jpeg""}",0,,,2021-06-23 17:48:20 UTC,2021-06-23 17:48:20 UTC
63028307,16337,18849,96059,"{""Filename"":""IN-MG636-W-B.jpg""}","{""0"":""https://panoptes-uploads.zooniverse.org/subject_location/0bd36923-90a6-4daa-9ad5-92366c3adb89.jpeg""}",0,,,2021-06-23 17:48:20 UTC,2021-06-23 17:48:20 UTC
63028308,16337,18849,96059,"{""Filename"":""IN-MG638-E-A.jpg""}","{""0"":""https://panoptes-uploads.zooniverse.org/subject_location/abaf7ac9-e641-4fd5-acd0-1895d8270641.jpeg""}",0,,,2021-06-23 17:48:20 UTC,2021-06-23 17:48:20 UTC
63028310,16337,18849,96059,"{""Filename"":""IN-MG638-E-B.jpg""}","{""0"":""https://panoptes-uploads.zooniverse.org/subject_location/5389beba-2c8d-46e3-a69f-334ae1e7f9f1.jpeg""}",0,,,2021-06-23 17:48:21 UTC,2021-06-23 17:48:21 UTC
63028311,16337,18849,96059,"{""Filename"":""IN-MG638-N-A.jpg""}","{""0"":""https://panoptes-uploads.zooniverse.org/subject_location/a13d5e4b-7836-43c8-bafe-6e6d547ee933.jpeg""}",0,,,2021-06-23 17:48:21 UTC,2021-06-23 17:48:21 UTC
63028312,16337,18849,96059,"{""Filename"":""IN-MG638-N-B.jpg""}","{""0"":""https://panoptes-uploads.zooniverse.org/subject_location/c643e4e8-cada-4297-a326-006f43fb887b.jpeg""}",0,,,2021-06-23 17:48:21 UTC,2021-06-23 17:48:21 UTC
63028314,16337,18849,96059,"{""Filename"":""IN-MG638-S-A.jpg""}","{""0"":""https://panoptes-uploads.zooniverse.org/subject_location/65fb38af-e74f-43c4-a81a-33bb7ea5d2f1.jpeg""}",0,,,2021-06-23 17:48:21 UTC,2021-06-23 17:48:21 UTC
63028315,16337,18849,96059,"{""Filename"":""IN-MG638-S-B.jpg""}","{""0"":""https://panoptes-uploads.zooniverse.org/subject_location/bfc8aefd-5f87-4fb6-a9fc-51b4fe87a373.jpeg""}",0,,,2021-06-23 17:48:22 UTC,2021-06-23 17:48:22 UTC
63028316,16337,18849,96059,"{""Filename"":""IN-MG638-W-B.jpg""}","{""0"":""https://panoptes-uploads.zooniverse.org/subject_location/11086e0a-070b-4d3a-8dfa-a308f1f3b890.jpeg""}",0,,,2021-06-23 17:48:22 UTC,2021-06-23 17:48:22 UTC
63028317,16337,18849,96059,"{""Filename"":""MB-MG513-E-B.jpg""}","{""0"":""https://panoptes-uploads.zooniverse.org/subject_location/bd1f9a19-af58-4efe-85be-eba80ca4488d.jpeg""}",0,,,2021-06-23 17:48:22 UTC,2021-06-23 17:48:22 UTC
63028319,16337,18849,96059,"{""Filename"":""MB-MG513-N-A.jpg""}","{""0"":""https://panoptes-uploads.zooniverse.org/subject_location/6bd2b887-b110-471e-aa51-e3342e5699c8.jpeg""}",0,,,2021-06-23 17:48:22 UTC,2021-06-23 17:48:22 UTC
63028320,16337,18849,96059,"{""Filename"":""MB-MG513-N-B.jpg""}","{""0"":""https://panoptes-uploads.zooniverse.org/subject_location/28efe405-1f66-4de6-a683-02b63b03d4e8.jpeg""}",0,,,2021-06-23 17:48:23 UTC,2021-06-23 17:48:23 UTC
63028321,16337,18849,96059,"{""Filename"":""MB-MG513-S-B.jpg""}","{""0"":""https://panoptes-uploads.zooniverse.org/subject_location/c64b1506-7b65-443d-a22e-03a2d8909541.jpeg""}",0,,,2021-06-23 17:48:23 UTC,2021-06-23 17:48:23 UTC
63028323,16337,18849,96059,"{""Filename"":""MB-MG513-W-A.jpg""}","{""0"":""https://panoptes-uploads.zooniverse.org/subject_location/a02781ae-7f63-44b8-bf56-0fd7a3e2ab49.jpeg""}",0,,,2021-06-23 17:48:23 UTC,2021-06-23 17:48:23 UTC
63028324,16337,18849,96059,"{""Filename"":""MB-MG513-W-B.jpg""}","{""0"":""https://panoptes-uploads.zooniverse.org/subject_location/c4a783fe-cc19-4033-8ffc-558b07a88fcd.jpeg""}",0,,,2021-06-23 17:48:23 UTC,2021-06-23 17:48:23 UTC
63028325,16337,18849,96059,"{""Filename"":""MB-MG516-E-A.jpg""}","{""0"":""https://panoptes-uploads.zooniverse.org/subject_location/8cee1b33-1743-495b-bf3a-0ca0e6926000.jpeg""}",0,,,2021-06-23 17:48:23 UTC,2021-06-23 17:48:23 UTC
63028326,16337,18849,96059,"{""Filename"":""MB-MG516-E-B.jpg""}","{""0"":""https://panoptes-uploads.zooniverse.org/subject_location/8e9b1ce9-7885-42f8-a0de-d26f63b9af51.jpeg""}",0,,,2021-06-23 17:48:24 UTC,2021-06-23 17:48:24 UTC
63028328,16337,18849,96059,"{""Filename"":""MB-MG516-N-A.jpg""}","{""0"":""https://panoptes-uploads.zooniverse.org/subject_location/de398301-efd6-4855-a233-53763c6aacef.jpeg""}",0,,,2021-06-23 17:48:24 UTC,2021-06-23 17:48:24 UTC
63028329,16337,18849,96059,"{""Filename"":""MB-MG516-N-B.jpg""}","{""0"":""https://panoptes-uploads.zooniverse.org/subject_location/2ea72004-f7d3-4b5a-ac72-e3603bcca6df.jpeg""}",0,,,2021-06-23 17:48:24 UTC,2021-06-23 17:48:24 UTC
63028330,16337,18849,96059,"{""Filename"":""MB-MG516-S-A.jpg""}","{""0"":""https://panoptes-uploads.zooniverse.org/subject_location/92b15e55-d386-4274-9a01-e1861c4b0328.jpeg""}",0,,,2021-06-23 17:48:24 UTC,2021-06-23 17:48:24 UTC
63028331,16337,18849,96059,"{""Filename"":""MB-MG516-S-B.jpg""}","{""0"":""https://panoptes-uploads.zooniverse.org/subject_location/33b70ad0-872e-4b54-88f5-ba8412542698.jpeg""}",0,,,2021-06-23 17:48:24 UTC,2021-06-23 17:48:24 UTC
63028333,16337,18849,96059,"{""Filename"":""MB-MG516-W-A.jpg""}","{""0"":""https://panoptes-uploads.zooniverse.org/subject_location/cfb1bea9-592f-4b5e-9683-2b32d5ada21e.jpeg""}",0,,,2021-06-23 17:48:25 UTC,2021-06-23 17:48:25 UTC
63028334,16337,18849,96059,"{""Filename"":""MB-MG516-W-B.jpg""}","{""0"":""https://panoptes-uploads.zooniverse.org/subject_location/88fa34dc-2dcf-4b27-b91b-56d7ec407085.jpeg""}",0,,,2021-06-23 17:48:25 UTC,2021-06-23 17:48:25 UTC
63028335,16337,18849,96059,"{""Filename"":""MB-MG517-E-A.jpg""}","{""0"":""https://panoptes-uploads.zooniverse.org/subject_location/71987ce1-bb3e-4685-bb13-7486c2fd0a42.jpeg""}",0,,,2021-06-23 17:48:25 UTC,2021-06-23 17:48:25 UTC
63028336,16337,18849,96059,"{""Filename"":""MB-MG517-E-B.jpg""}","{""0"":""https://panoptes-uploads.zooniverse.org/subject_location/7f99c2da-9c38-43d4-9860-f4e6519f1cdc.jpeg""}",0,,,2021-06-23 17:48:25 UTC,2021-06-23 17:48:25 UTC
63028338,16337,18849,96059,"{""Filename"":""MB-MG517-N-B.jpg""}","{""0"":""https://panoptes-uploads.zooniverse.org/subject_location/0793fc58-4c79-49c3-b595-6985ed20af07.jpeg""}",0,,,2021-06-23 17:48:25 UTC,2021-06-23 17:48:25 UTC
63028339,16337,18849,96059,"{""Filename"":""MB-MG517-S-A.jpg""}","{""0"":""https://panoptes-uploads.zooniverse.org/subject_location/40dc1b1b-3a6c-4262-8869-f37f436de992.jpeg""}",0,,,2021-06-23 17:48:26 UTC,2021-06-23 17:48:26 UTC
63028340,16337,18849,96059,"{""Filename"":""MB-MG517-S-B.jpg""}","{""0"":""https://panoptes-uploads.zooniverse.org/subject_location/0ffe2ce6-b73b-4dda-a2ae-202efafd7818.jpeg""}",0,,,2021-06-23 17:48:26 UTC,2021-06-23 17:48:26 UTC
63028341,16337,18849,96059,"{""Filename"":""MB-MG517-W-A.jpg""}","{""0"":""https://panoptes-uploads.zooniverse.org/subject_location/0e62ac99-4357-4b48-b14c-1e857305d750.jpeg""}",0,,,2021-06-23 17:48:26 UTC,2021-06-23 17:48:26 UTC
63028343,16337,18849,96059,"{""Filename"":""MB-MG517-W-B.jpg""}","{""0"":""https://panoptes-uploads.zooniverse.org/subject_location/d9b19f88-4bbb-46da-9b0c-c4b702ae7d07.jpeg""}",0,,,2021-06-23 17:48:26 UTC,2021-06-23 17:48:26 UTC
63028344,16337,18849,96059,"{""Filename"":""MB-MG518-E-A.jpg""}","{""0"":""https://panoptes-uploads.zooniverse.org/subject_location/36122db1-2857-45c1-a153-51bbf7e25bdb.jpeg""}",0,,,2021-06-23 17:48:26 UTC,2021-06-23 17:48:26 UTC
63028345,16337,18849,96059,"{""Filename"":""MB-MG518-E-B.jpg""}","{""0"":""https://panoptes-uploads.zooniverse.org/subject_location/aa1ce675-8379-4538-bb13-84e7a807b537.jpeg""}",0,,,2021-06-23 17:48:27 UTC,2021-06-23 17:48:27 UTC
63028346,16337,18849,96059,"{""Filename"":""MB-MG518-N-A.jpg""}","{""0"":""https://panoptes-uploads.zooniverse.org/subject_location/e6585487-e70c-4628-aacb-e8f16f0ff03f.jpeg""}",0,,,2021-06-23 17:48:27 UTC,2021-06-23 17:48:27 UTC
63028349,16337,18849,96059,"{""Filename"":""MB-MG518-N-B.jpg""}","{""0"":""https://panoptes-uploads.zooniverse.org/subject_location/785a09db-9843-4e92-a03e-696cd852c164.jpeg""}",0,,,2021-06-23 17:48:28 UTC,2021-06-23 17:48:28 UTC
63028350,16337,18849,96059,"{""Filename"":""MB-MG518-S-A.jpg""}","{""0"":""https://panoptes-uploads.zooniverse.org/subject_location/77942806-6f94-42a4-9dc9-3142d5cd441d.jpeg""}",0,,,2021-06-23 17:48:29 UTC,2021-06-23 17:48:29 UTC
63028352,16337,18849,96059,"{""Filename"":""MB-MG518-S-B.jpg""}","{""0"":""https://panoptes-uploads.zooniverse.org/subject_location/f788cd69-3f17-402c-ac4e-86332d931cf4.jpeg""}",0,,,2021-06-23 17:48:29 UTC,2021-06-23 17:48:29 UTC
63028353,16337,18849,96059,"{""Filename"":""MB-MG518-W-A.jpg""}","{""0"":""https://panoptes-uploads.zooniverse.org/subject_location/7e758e5f-18da-4c6f-aec4-849449404c3b.jpeg""}",0,,,2021-06-23 17:48:29 UTC,2021-06-23 17:48:29 UTC
63028354,16337,18849,96059,"{""Filename"":""MB-MG518-W-B.jpg""}","{""0"":""https://panoptes-uploads.zooniverse.org/subject_location/9c9579c2-c50a-47b6-bdc7-dfcfea781676.jpeg""}",0,,,2021-06-23 17:48:29 UTC,2021-06-23 17:48:29 UTC
63028355,16337,18849,96059,"{""Filename"":""MB-MG528-E-A.jpg""}","{""0"":""https://panoptes-uploads.zooniverse.org/subject_location/ee92fa38-bf3b-4a31-aff8-7b5bf689c9ca.jpeg""}",0,,,2021-06-23 17:48:30 UTC,2021-06-23 17:48:30 UTC
63028357,16337,18849,96059,"{""Filename"":""MB-MG528-E-B.jpg""}","{""0"":""https://panoptes-uploads.zooniverse.org/subject_location/f73d79e8-5e61-4101-9994-68443280bdd9.jpeg""}",0,,,2021-06-23 17:48:30 UTC,2021-06-23 17:48:30 UTC
63028358,16337,18849,96059,"{""Filename"":""MB-MG528-N-B.jpg""}","{""0"":""https://panoptes-uploads.zooniverse.org/subject_location/2d2564b7-d3c4-46e4-b3cb-47d2b6bb9aad.jpeg""}",0,,,2021-06-23 17:48:30 UTC,2021-06-23 17:48:30 UTC
63028359,16337,18849,96059,"{""Filename"":""MB-MG528-S-A.jpg""}","{""0"":""https://panoptes-uploads.zooniverse.org/subject_location/7cc0d67e-5e96-47dc-b705-1be24833a2d0.jpeg""}",0,,,2021-06-23 17:48:30 UTC,2021-06-23 17:48:30 UTC
63028361,16337,18849,96059,"{""Filename"":""MB-MG528-S-B.jpg""}","{""0"":""https://panoptes-uploads.zooniverse.org/subject_location/2417f824-61a4-45b6-b1da-1b5adca4aa6d.jpeg""}",0,,,2021-06-23 17:48:30 UTC,2021-06-23 17:48:30 UTC
63028364,16337,18849,96059,"{""Filename"":""MB-MG528-W-A.jpg""}","{""0"":""https://panoptes-uploads.zooniverse.org/subject_location/3b625717-df84-4b77-b8b3-2ed747475c20.jpeg""}",0,,,2021-06-23 17:48:32 UTC,2021-06-23 17:48:32 UTC
63028365,16337,18849,96059,"{""Filename"":""MB-MG528-W-B.jpg""}","{""0"":""https://panoptes-uploads.zooniverse.org/subject_location/8fbfda34-9132-482d-866e-d96e03df1439.jpeg""}",0,,,2021-06-23 17:48:32 UTC,2021-06-23 17:48:32 UTC
63028366,16337,18849,96059,"{""Filename"":""MB-MG529-E-A.jpg""}","{""0"":""https://panoptes-uploads.zooniverse.org/subject_location/01eb107a-b028-4caf-a47b-5dba83224a41.jpeg""}",0,,,2021-06-23 17:48:33 UTC,2021-06-23 17:48:33 UTC
63028367,16337,18849,96059,"{""Filename"":""MB-MG529-E-B.jpg""}","{""0"":""https://panoptes-uploads.zooniverse.org/subject_location/cae4a23c-ae75-4acb-9df7-df56ec6983a9.jpeg""}",0,,,2021-06-23 17:48:33 UTC,2021-06-23 17:48:33 UTC
63028369,16337,18849,96059,"{""Filename"":""MB-MG529-N-A.jpg""}","{""0"":""https://panoptes-uploads.zooniverse.org/subject_location/6e7e3a85-a875-4e2a-898e-5c627d2ae868.jpeg""}",0,,,2021-06-23 17:48:33 UTC,2021-06-23 17:48:33 UTC
63028370,16337,18849,96059,"{""Filename"":""MB-MG529-S-A.jpg""}","{""0"":""https://panoptes-uploads.zooniverse.org/subject_location/9db39010-9b41-4328-8fa8-0f8731c0d821.jpeg""}",0,,,2021-06-23 17:48:33 UTC,2021-06-23 17:48:33 UTC
63028371,16337,18849,96059,"{""Filename"":""MB-MG529-S-B.jpg""}","{""0"":""https://panoptes-uploads.zooniverse.org/subject_location/db359a35-2197-44d3-887f-948ee23346d7.jpeg""}",0,,,2021-06-23 17:48:33 UTC,2021-06-23 17:48:33 UTC
63028372,16337,18849,96059,"{""Filename"":""MB-MG529-W-A.jpg""}","{""0"":""https://panoptes-uploads.zooniverse.org/subject_location/18531256-a636-406e-94ea-a3c76d17fadf.jpeg""}",0,,,2021-06-23 17:48:34 UTC,2021-06-23 17:48:34 UTC
63028374,16337,18849,96059,"{""Filename"":""MB-MG529-W-B.jpg""}","{""0"":""https://panoptes-uploads.zooniverse.org/subject_location/b42f41aa-7493-47bc-8777-c4d0a707f379.jpeg""}",0,,,2021-06-23 17:48:34 UTC,2021-06-23 17:48:34 UTC
63028375,16337,18849,96059,"{""Filename"":""MB-MG530-E-A.jpg""}","{""0"":""https://panoptes-uploads.zooniverse.org/subject_location/80d25122-5dba-4a75-9bdf-e7296be5bef4.jpeg""}",0,,,2021-06-23 17:48:34 UTC,2021-06-23 17:48:34 UTC
63028376,16337,18849,96059,"{""Filename"":""MB-MG530-E-B.jpg""}","{""0"":""https://panoptes-uploads.zooniverse.org/subject_location/9fc0c8d7-4eed-430f-8e6b-6619f1a1ed60.jpeg""}",0,,,2021-06-23 17:48:34 UTC,2021-06-23 17:48:34 UTC
63028377,16337,18849,96059,"{""Filename"":""MB-MG530-N-A.jpg""}","{""0"":""https://panoptes-uploads.zooniverse.org/subject_location/613fcd18-34ab-4d86-b5d4-fd3edc37e053.jpeg""}",0,,,2021-06-23 17:48:35 UTC,2021-06-23 17:48:35 UTC
63028379,16337,18849,96059,"{""Filename"":""MB-MG530-N-B.jpg""}","{""0"":""https://panoptes-uploads.zooniverse.org/subject_location/039a0029-07ae-4294-bb4e-fed850442850.jpeg""}",0,,,2021-06-23 17:48:35 UTC,2021-06-23 17:48:35 UTC
63028380,16337,18849,96059,"{""Filename"":""MB-MG530-S-A.jpg""}","{""0"":""https://panoptes-uploads.zooniverse.org/subject_location/47279e4c-b247-4019-b1ce-a77abe1feadb.jpeg""}",0,,,2021-06-23 17:48:35 UTC,2021-06-23 17:48:35 UTC
63028381,16337,18849,96059,"{""Filename"":""MB-MG530-S-B.jpg""}","{""0"":""https://panoptes-uploads.zooniverse.org/subject_location/74fec921-b0fb-498c-b0ca-35b286b7d227.jpeg""}",0,,,2021-06-23 17:48:35 UTC,2021-06-23 17:48:35 UTC
63028382,16337,18849,96059,"{""Filename"":""MB-MG530-W-A.jpg""}","{""0"":""https://panoptes-uploads.zooniverse.org/subject_location/3bc61c11-a21b-456b-b92a-e3a6a2b91578.jpeg""}",0,,,2021-06-23 17:48:35 UTC,2021-06-23 17:48:35 UTC
63028384,16337,18849,96059,"{""Filename"":""MB-MG530-W-B.jpg""}","{""0"":""https://panoptes-uploads.zooniverse.org/subject_location/40548986-fa4c-494a-9e38-3a2c731297e2.jpeg""}",0,,,2021-06-23 17:48:35 UTC,2021-06-23 17:48:35 UTC
63028385,16337,18849,96059,"{""Filename"":""MB-SD004-E-A.jpg""}","{""0"":""https://panoptes-uploads.zooniverse.org/subject_location/6a07a1c3-0e9e-4237-a690-06ec7173f206.jpeg""}",0,,,2021-06-23 17:48:36 UTC,2021-06-23 17:48:36 UTC
63028386,16337,18849,96059,"{""Filename"":""MB-SD004-E-B.jpg""}","{""0"":""https://panoptes-uploads.zooniverse.org/subject_location/43fa3987-8585-4df5-b64c-0c8a95ff843f.jpeg""}",0,,,2021-06-23 17:48:36 UTC,2021-06-23 17:48:36 UTC
63028388,16337,18849,96059,"{""Filename"":""MB-SD004-N-A.jpg""}","{""0"":""https://panoptes-uploads.zooniverse.org/subject_location/e2d6bec3-8d3b-442d-b3f3-ea0102d30e48.jpeg""}",0,,,2021-06-23 17:48:36 UTC,2021-06-23 17:48:36 UTC
63028389,16337,18849,96059,"{""Filename"":""MB-SD004-N-B.jpg""}","{""0"":""https://panoptes-uploads.zooniverse.org/subject_location/eb2ac129-fa3d-4d3e-8850-c293b5a6b2e9.jpeg""}",0,,,2021-06-23 17:48:36 UTC,2021-06-23 17:48:36 UTC
63028390,16337,18849,96059,"{""Filename"":""MB-SD004-S-A.jpg""}","{""0"":""https://panoptes-uploads.zooniverse.org/subject_location/ee530ccb-5637-415b-91b6-be7312ce34ce.jpeg""}",0,,,2021-06-23 17:48:37 UTC,2021-06-23 17:48:37 UTC
63028391,16337,18849,96059,"{""Filename"":""MB-SD004-S-B.jpg""}","{""0"":""https://panoptes-uploads.zooniverse.org/subject_location/669a335c-ce7e-4e4d-b0b1-da298f6e1016.jpeg""}",0,,,2021-06-23 17:48:37 UTC,2021-06-23 17:48:37 UTC
63028393,16337,18849,96059,"{""Filename"":""MB-SD004-W-A.jpg""}","{""0"":""https://panoptes-uploads.zooniverse.org/subject_location/cbc3e63e-ab97-4ab3-8584-77c4514d200c.jpeg""}",0,,,2021-06-23 17:48:37 UTC,2021-06-23 17:48:37 UTC
63028394,16337,18849,96059,"{""Filename"":""MB-SD004-W-B.jpg""}","{""0"":""https://panoptes-uploads.zooniverse.org/subject_location/3f5e954a-79e3-45f3-8be7-1a59091b58d3.jpeg""}",0,,,2021-06-23 17:48:37 UTC,2021-06-23 17:48:37 UTC
63028395,16337,18849,96059,"{""Filename"":""MB-SD005-E-A.jpg""}","{""0"":""https://panoptes-uploads.zooniverse.org/subject_location/d4e0a38b-1f9c-4f4b-bf12-a8ea97f23ef2.jpeg""}",0,,,2021-06-23 17:48:37 UTC,2021-06-23 17:48:37 UTC
63028396,16337,18849,96059,"{""Filename"":""MB-SD005-E-B.jpg""}","{""0"":""https://panoptes-uploads.zooniverse.org/subject_location/317f212b-c13f-42f7-880e-9b360bc29915.jpeg""}",0,,,2021-06-23 17:48:38 UTC,2021-06-23 17:48:38 UTC
63028398,16337,18849,96059,"{""Filename"":""MB-SD005-N-B.jpg""}","{""0"":""https://panoptes-uploads.zooniverse.org/subject_location/40965792-20ba-46af-bc01-f3ca843ec668.jpeg""}",0,,,2021-06-23 17:48:38 UTC,2021-06-23 17:48:38 UTC
63028399,16337,18849,96059,"{""Filename"":""MB-SD005-S-A.jpg""}","{""0"":""https://panoptes-uploads.zooniverse.org/subject_location/b6496eab-e8a3-4df4-baa4-81ef748119ab.jpeg""}",0,,,2021-06-23 17:48:38 UTC,2021-06-23 17:48:38 UTC
63028401,16337,18849,96059,"{""Filename"":""MB-SD005-S-B.jpg""}","{""0"":""https://panoptes-uploads.zooniverse.org/subject_location/2cc0e389-2762-4c07-9c47-07cb6832c289.jpeg""}",0,,,2021-06-23 17:48:40 UTC,2021-06-23 17:48:40 UTC
63028402,16337,18849,96059,"{""Filename"":""MB-SD005-W-A.jpg""}","{""0"":""https://panoptes-uploads.zooniverse.org/subject_location/9cd63b6b-bfe5-49d6-87d7-9fb620446d8f.jpeg""}",0,,,2021-06-23 17:48:40 UTC,2021-06-23 17:48:40 UTC
63028403,16337,18849,96059,"{""Filename"":""MB-SD005-W-B.jpg""}","{""0"":""https://panoptes-uploads.zooniverse.org/subject_location/45080586-4c62-4a92-9eae-1f883dbb124d.jpeg""}",0,,,2021-06-23 17:48:40 UTC,2021-06-23 17:48:40 UTC
63028404,16337,18849,96059,"{""Filename"":""MN-MG788E-A.jpg""}","{""0"":""https://panoptes-uploads.zooniverse.org/subject_location/d3a73d59-194e-493f-9e61-50dd9ec19e07.jpeg""}",0,,,2021-06-23 17:48:40 UTC,2021-06-23 17:48:40 UTC
63028406,16337,18849,96059,"{""Filename"":""MN-MG788E-B.jpg""}","{""0"":""https://panoptes-uploads.zooniverse.org/subject_location/00c369ff-bec9-4a7d-b7c2-d77046699672.jpeg""}",0,,,2021-06-23 17:48:40 UTC,2021-06-23 17:48:40 UTC
63028407,16337,18849,96059,"{""Filename"":""MN-MG788N-A.jpg""}","{""0"":""https://panoptes-uploads.zooniverse.org/subject_location/244f1a65-0b64-41c7-b96e-26ac3b659f58.jpeg""}",0,,,2021-06-23 17:48:41 UTC,2021-06-23 17:48:41 UTC
63028408,16337,18849,96059,"{""Filename"":""MN-MG788N-B.jpg""}","{""0"":""https://panoptes-uploads.zooniverse.org/subject_location/e2ec5b2b-38db-4e48-936a-f631de2d1668.jpeg""}",0,,,2021-06-23 17:48:41 UTC,2021-06-23 17:48:41 UTC
63028409,16337,18849,96059,"{""Filename"":""MN-MG788S-A.jpg""}","{""0"":""https://panoptes-uploads.zooniverse.org/subject_location/3f955cc2-3578-4c9c-99b1-07b66fdcdb2e.jpeg""}",0,,,2021-06-23 17:48:41 UTC,2021-06-23 17:48:41 UTC
63028410,16337,18849,96059,"{""Filename"":""MN-MG788S-B.jpg""}","{""0"":""https://panoptes-uploads.zooniverse.org/subject_location/258577ce-2f4b-43bb-a2fb-3477df21be17.jpeg""}",0,,,2021-06-23 17:48:41 UTC,2021-06-23 17:48:41 UTC
63028412,16337,18849,96059,"{""Filename"":""MN-MG788W-A.jpg""}","{""0"":""https://panoptes-uploads.zooniverse.org/subject_location/9a5e0abb-fd28-43b3-8bf3-8220383adfbe.jpeg""}",0,,,2021-06-23 17:48:41 UTC,2021-06-23 17:48:41 UTC
63028413,16337,18849,96059,"{""Filename"":""MN-MG788W-B.jpg""}","{""0"":""https://panoptes-uploads.zooniverse.org/subject_location/83c6460c-be8d-445a-acbe-df00c24c1bbc.jpeg""}",0,,,2021-06-23 17:48:42 UTC,2021-06-23 17:48:42 UTC
63028414,16337,18849,96059,"{""Filename"":""MN-MG789E-A.jpg""}","{""0"":""https://panoptes-uploads.zooniverse.org/subject_location/ec6d13f5-7fe0-461a-b41c-15b5635e6ee4.jpeg""}",0,,,2021-06-23 17:48:42 UTC,2021-06-23 17:48:42 UTC
63028415,16337,18849,96059,"{""Filename"":""MN-MG789E-B.jpg""}","{""0"":""https://panoptes-uploads.zooniverse.org/subject_location/cdf28633-d1a6-4905-a262-8bfb47fc3248.jpeg""}",0,,,2021-06-23 17:48:42 UTC,2021-06-23 17:48:42 UTC
63028417,16337,18849,96059,"{""Filename"":""MN-MG789N-A.jpg""}","{""0"":""https://panoptes-uploads.zooniverse.org/subject_location/0f8a8900-fc86-46b6-8f2e-75842f0c801f.jpeg""}",0,,,2021-06-23 17:48:42 UTC,2021-06-23 17:48:42 UTC
63028418,16337,18849,96059,"{""Filename"":""MN-MG789N-B.jpg""}","{""0"":""https://panoptes-uploads.zooniverse.org/subject_location/86867afd-81c7-4cfd-a503-e4bab1f9c44c.jpeg""}",0,,,2021-06-23 17:48:42 UTC,2021-06-23 17:48:42 UTC
63028419,16337,18849,96059,"{""Filename"":""MN-MG789S-A.jpg""}","{""0"":""https://panoptes-uploads.zooniverse.org/subject_location/40f5a233-0796-4052-817f-8a29ef3571ce.jpeg""}",0,,,2021-06-23 17:48:43 UTC,2021-06-23 17:48:43 UTC
63028420,16337,18849,96059,"{""Filename"":""MN-MG789S-B.jpg""}","{""0"":""https://panoptes-uploads.zooniverse.org/subject_location/00f957a5-a0d8-40fb-a8f3-4fa36849e1a9.jpeg""}",0,,,2021-06-23 17:48:43 UTC,2021-06-23 17:48:43 UTC
63028422,16337,18849,96059,"{""Filename"":""MN-MG789W-A.jpg""}","{""0"":""https://panoptes-uploads.zooniverse.org/subject_location/5e68db59-50bc-4d5f-956a-19b742c53e31.jpeg""}",0,,,2021-06-23 17:48:43 UTC,2021-06-23 17:48:43 UTC
63028424,16337,18849,96059,"{""Filename"":""MN-MG789W-B.jpg""}","{""0"":""https://panoptes-uploads.zooniverse.org/subject_location/ec6d441e-93c3-46c7-933b-b8273d56a5aa.jpeg""}",0,,,2021-06-23 17:48:44 UTC,2021-06-23 17:48:44 UTC
63028425,16337,18849,96059,"{""Filename"":""MN-MG790E-A.jpg""}","{""0"":""https://panoptes-uploads.zooniverse.org/subject_location/6f2523e6-e0e0-4f1d-b1e4-652909202502.jpeg""}",0,,,2021-06-23 17:48:44 UTC,2021-06-23 17:48:44 UTC
63028426,16337,18849,96059,"{""Filename"":""MN-MG790E-B.jpg""}","{""0"":""https://panoptes-uploads.zooniverse.org/subject_location/1c7885c8-c8ae-48ab-8231-ef859171d38e.jpeg""}",0,,,2021-06-23 17:48:44 UTC,2021-06-23 17:48:44 UTC
63028428,16337,18849,96059,"{""Filename"":""MN-MG790N-A.jpg""}","{""0"":""https://panoptes-uploads.zooniverse.org/subject_location/6c328902-dde1-4239-a540-394ee9b90841.jpeg""}",0,,,2021-06-23 17:48:45 UTC,2021-06-23 17:48:45 UTC
63028429,16337,18849,96059,"{""Filename"":""MN-MG790N-B.jpg""}","{""0"":""https://panoptes-uploads.zooniverse.org/subject_location/1f6767db-4505-413d-bc81-4d893cd169f3.jpeg""}",0,,,2021-06-23 17:48:45 UTC,2021-06-23 17:48:45 UTC
63028430,16337,18849,96059,"{""Filename"":""MN-MG790S-A.jpg""}","{""0"":""https://panoptes-uploads.zooniverse.org/subject_location/1a85ecff-10ba-4cdf-82a8-d895d6b5e381.jpeg""}",0,,,2021-06-23 17:48:45 UTC,2021-06-23 17:48:45 UTC
63028431,16337,18849,96059,"{""Filename"":""MN-MG790S-B.jpg""}","{""0"":""https://panoptes-uploads.zooniverse.org/subject_location/55ac3752-64d1-41c0-8eaf-aa8d969f6d04.jpeg""}",0,,,2021-06-23 17:48:45 UTC,2021-06-23 17:48:45 UTC
63028432,16337,18849,96059,"{""Filename"":""MN-MG790W-A.jpg""}","{""0"":""https://panoptes-uploads.zooniverse.org/subject_location/e4805185-48d7-4224-99d9-e7cae78c69a1.jpeg""}",0,,,2021-06-23 17:48:45 UTC,2021-06-23 17:48:45 UTC
63028434,16337,18849,96059,"{""Filename"":""MN-MG790W-B.jpg""}","{""0"":""https://panoptes-uploads.zooniverse.org/subject_location/7c804eeb-ba63-463a-bbff-91fb85cc519e.jpeg""}",0,,,2021-06-23 17:48:46 UTC,2021-06-23 17:48:46 UTC
63028435,16337,18849,96059,"{""Filename"":""MN-SD001-E-A.jpg""}","{""0"":""https://panoptes-uploads.zooniverse.org/subject_location/a8298b51-76fa-449a-a43a-559e1a12dc03.jpeg""}",0,,,2021-06-23 17:48:46 UTC,2021-06-23 17:48:46 UTC
63028436,16337,18849,96059,"{""Filename"":""MN-SD001-E-B.jpg""}","{""0"":""https://panoptes-uploads.zooniverse.org/subject_location/b485d4c6-56f2-4b35-9693-9581fba5b7a0.jpeg""}",0,,,2021-06-23 17:48:46 UTC,2021-06-23 17:48:46 UTC
63028437,16337,18849,96059,"{""Filename"":""MN-SD001-N-A.jpg""}","{""0"":""https://panoptes-uploads.zooniverse.org/subject_location/27f944e9-b56e-4694-b389-89e51958c42b.jpeg""}",0,,,2021-06-23 17:48:46 UTC,2021-06-23 17:48:46 UTC
63028439,16337,18849,96059,"{""Filename"":""MN-SD001-N-B.jpg""}","{""0"":""https://panoptes-uploads.zooniverse.org/subject_location/c0cbd366-a348-4d05-a7a1-a52cfc4cb668.jpeg""}",0,,,2021-06-23 17:48:46 UTC,2021-06-23 17:48:46 UTC
63028440,16337,18849,96059,"{""Filename"":""MN-SD001-S-A.jpg""}","{""0"":""https://panoptes-uploads.zooniverse.org/subject_location/c4ee8acf-8511-4987-8b93-6b5ad25701ce.jpeg""}",0,,,2021-06-23 17:48:47 UTC,2021-06-23 17:48:47 UTC
63028441,16337,18849,96059,"{""Filename"":""MN-SD001-S-B.jpg""}","{""0"":""https://panoptes-uploads.zooniverse.org/subject_location/9b1fcf09-7544-41ec-baa6-1669d9f6cafc.jpeg""}",0,,,2021-06-23 17:48:47 UTC,2021-06-23 17:48:47 UTC
63028442,16337,18849,96059,"{""Filename"":""MN-SD001-W-A.jpg""}","{""0"":""https://panoptes-uploads.zooniverse.org/subject_location/d8a28d13-c829-46ae-8074-f5ce129d83ee.jpeg""}",0,,,2021-06-23 17:48:47 UTC,2021-06-23 17:48:47 UTC
63028444,16337,18849,96059,"{""Filename"":""MN-SD001-W-B.jpg""}","{""0"":""https://panoptes-uploads.zooniverse.org/subject_location/96bc01e9-57b6-4962-9b45-b5883fc28138.jpeg""}",0,,,2021-06-23 17:48:47 UTC,2021-06-23 17:48:47 UTC
63028445,16337,18849,96059,"{""Filename"":""MN-SD002-E-A.jpg""}","{""0"":""https://panoptes-uploads.zooniverse.org/subject_location/d3a77bca-d548-4a8c-8b7d-38957adcedcf.jpeg""}",0,,,2021-06-23 17:48:47 UTC,2021-06-23 17:48:47 UTC
63028446,16337,18849,96059,"{""Filename"":""MN-SD002-E-B.jpg""}","{""0"":""https://panoptes-uploads.zooniverse.org/subject_location/e3edc936-690c-48c0-affe-f592b6c0d174.jpeg""}",0,,,2021-06-23 17:48:48 UTC,2021-06-23 17:48:48 UTC
63028447,16337,18849,96059,"{""Filename"":""MN-SD002-N-A.jpg""}","{""0"":""https://panoptes-uploads.zooniverse.org/subject_location/f96db0f7-b0f3-4ed0-8d80-90854b6c14b1.jpeg""}",0,,,2021-06-23 17:48:48 UTC,2021-06-23 17:48:48 UTC
63028449,16337,18849,96059,"{""Filename"":""MN-SD002-N-B.jpg""}","{""0"":""https://panoptes-uploads.zooniverse.org/subject_location/97e133cb-00a7-40b2-8859-2a043a1f58a2.jpeg""}",0,,,2021-06-23 17:48:48 UTC,2021-06-23 17:48:48 UTC
63028450,16337,18849,96059,"{""Filename"":""MN-SD002-S-A.jpg""}","{""0"":""https://panoptes-uploads.zooniverse.org/subject_location/74b8ad2d-6ef6-4f27-ace1-83e7ef9bba9c.jpeg""}",0,,,2021-06-23 17:48:48 UTC,2021-06-23 17:48:48 UTC
63028451,16337,18849,96059,"{""Filename"":""MN-SD002-S-B.jpg""}","{""0"":""https://panoptes-uploads.zooniverse.org/subject_location/ad650816-4f53-400e-aefd-c760b9ea04b8.jpeg""}",0,,,2021-06-23 17:48:49 UTC,2021-06-23 17:48:49 UTC
63028453,16337,18849,96059,"{""Filename"":""MN-SD002-W-A.jpg""}","{""0"":""https://panoptes-uploads.zooniverse.org/subject_location/c74944b6-2468-48ed-9922-08a8c62803b4.jpeg""}",0,,,2021-06-23 17:48:49 UTC,2021-06-23 17:48:49 UTC
63028454,16337,18849,96059,"{""Filename"":""MN-SD002-W-B.jpg""}","{""0"":""https://panoptes-uploads.zooniverse.org/subject_location/e89a4cc4-c77f-494d-acb1-c2048853474a.jpeg""}",0,,,2021-06-23 17:48:49 UTC,2021-06-23 17:48:49 UTC
63028455,16337,18849,96059,"{""Filename"":""MN-SD003-E-A.jpg""}","{""0"":""https://panoptes-uploads.zooniverse.org/subject_location/4bdb80a8-90e9-4ccb-8d95-c947f3144cc6.jpeg""}",0,,,2021-06-23 17:48:49 UTC,2021-06-23 17:48:49 UTC
63028456,16337,18849,96059,"{""Filename"":""MN-SD003-E-B.jpg""}","{""0"":""https://panoptes-uploads.zooniverse.org/subject_location/b3a3cef5-4cab-4d8e-acff-1e0d395be624.jpeg""}",0,,,2021-06-23 17:48:50 UTC,2021-06-23 17:48:50 UTC
63028457,16337,18849,96059,"{""Filename"":""MN-SD003-N-A.jpg""}","{""0"":""https://panoptes-uploads.zooniverse.org/subject_location/a19a5ff8-1d4f-40d5-897c-58dbd58e8cc2.jpeg""}",0,,,2021-06-23 17:48:50 UTC,2021-06-23 17:48:50 UTC
63028459,16337,18849,96059,"{""Filename"":""MN-SD003-N-B.jpg""}","{""0"":""https://panoptes-uploads.zooniverse.org/subject_location/03b26a28-cbee-4224-962a-56e4471183ac.jpeg""}",0,,,2021-06-23 17:48:50 UTC,2021-06-23 17:48:50 UTC
63028460,16337,18849,96059,"{""Filename"":""MN-SD003-S-A.jpg""}","{""0"":""https://panoptes-uploads.zooniverse.org/subject_location/d4c7efca-87d8-4052-92a6-c5c50256e0ae.jpeg""}",0,,,2021-06-23 17:48:50 UTC,2021-06-23 17:48:50 UTC
63028461,16337,18849,96059,"{""Filename"":""MN-SD003-S-B.jpg""}","{""0"":""https://panoptes-uploads.zooniverse.org/subject_location/8b33ad0b-a4a0-4b8f-92d5-14e78c029c81.jpeg""}",0,,,2021-06-23 17:48:50 UTC,2021-06-23 17:48:50 UTC
63028462,16337,18849,96059,"{""Filename"":""MO-MG402-E-A.jpg""}","{""0"":""https://panoptes-uploads.zooniverse.org/subject_location/88f6faf7-56e1-486f-ae22-c1a20fee683b.jpeg""}",0,,,2021-06-23 17:48:51 UTC,2021-06-23 17:48:51 UTC
63028464,16337,18849,96059,"{""Filename"":""MO-MG402-E-B.jpg""}","{""0"":""https://panoptes-uploads.zooniverse.org/subject_location/0de68646-28ad-45d9-a80a-94c5efca22b0.jpeg""}",0,,,2021-06-23 17:48:51 UTC,2021-06-23 17:48:51 UTC
63028465,16337,18849,96059,"{""Filename"":""MO-MG402-N-A.jpg""}","{""0"":""https://panoptes-uploads.zooniverse.org/subject_location/cc456b19-f1df-427c-b2d0-5179ddb24248.jpeg""}",0,,,2021-06-23 17:48:51 UTC,2021-06-23 17:48:51 UTC
63028467,16337,18849,96059,"{""Filename"":""MO-MG402-N-B.jpg""}","{""0"":""https://panoptes-uploads.zooniverse.org/subject_location/b2f23a5a-b467-4f85-a0e0-6da889b70988.jpeg""}",0,,,2021-06-23 17:48:52 UTC,2021-06-23 17:48:52 UTC
63028468,16337,18849,96059,"{""Filename"":""MO-MG402-S-A.jpg""}","{""0"":""https://panoptes-uploads.zooniverse.org/subject_location/05f0f6fc-32bc-45ee-b537-482fcc8b065c.jpeg""}",0,,,2021-06-23 17:48:52 UTC,2021-06-23 17:48:52 UTC
63028469,16337,18849,96059,"{""Filename"":""MO-MG402-S-B.jpg""}","{""0"":""https://panoptes-uploads.zooniverse.org/subject_location/777ba045-3693-4180-99bd-a7a643014a7f.jpeg""}",0,,,2021-06-23 17:48:52 UTC,2021-06-23 17:48:52 UTC
63028470,16337,18849,96059,"{""Filename"":""MO-MG402-W-A.jpg""}","{""0"":""https://panoptes-uploads.zooniverse.org/subject_location/824eda66-17b6-47ec-9cbc-17c1d07eea68.jpeg""}",0,,,2021-06-23 17:48:52 UTC,2021-06-23 17:48:52 UTC
63028472,16337,18849,96059,"{""Filename"":""MO-MG402-W-B.jpg""}","{""0"":""https://panoptes-uploads.zooniverse.org/subject_location/16c10fc0-9436-4355-8f21-bc4988aec708.jpeg""}",0,,,2021-06-23 17:48:52 UTC,2021-06-23 17:48:52 UTC
63028473,16337,18849,96059,"{""Filename"":""MO-MG403-E-A.jpg""}","{""0"":""https://panoptes-uploads.zooniverse.org/subject_location/e03314ce-ade2-4c43-ae5e-517783540125.jpeg""}",0,,,2021-06-23 17:48:53 UTC,2021-06-23 17:48:53 UTC
63028474,16337,18849,96059,"{""Filename"":""MO-MG403-E-B.jpg""}","{""0"":""https://panoptes-uploads.zooniverse.org/subject_location/0884eb83-5480-417f-8411-4bf02981e5af.jpeg""}",0,,,2021-06-23 17:48:53 UTC,2021-06-23 17:48:53 UTC
63028475,16337,18849,96059,"{""Filename"":""MO-MG403-N-A.jpg""}","{""0"":""https://panoptes-uploads.zooniverse.org/subject_location/0c895cab-83f0-4190-bf47-80612b77dce9.jpeg""}",0,,,2021-06-23 17:48:53 UTC,2021-06-23 17:48:53 UTC
63028477,16337,18849,96059,"{""Filename"":""MO-MG403-N-B.jpg""}","{""0"":""https://panoptes-uploads.zooniverse.org/subject_location/9a70523f-aff8-4992-9849-8142f30b80d5.jpeg""}",0,,,2021-06-23 17:48:53 UTC,2021-06-23 17:48:53 UTC
63028478,16337,18849,96059,"{""Filename"":""MO-MG403-S-A.jpg""}","{""0"":""https://panoptes-uploads.zooniverse.org/subject_location/5a92efd3-f98c-4af8-a220-af5c7b2abdcc.jpeg""}",0,,,2021-06-23 17:48:54 UTC,2021-06-23 17:48:54 UTC
63028479,16337,18849,96059,"{""Filename"":""MO-MG403-S-B.jpg""}","{""0"":""https://panoptes-uploads.zooniverse.org/subject_location/f7fade1f-3e89-4b07-a637-922003d960d6.jpeg""}",0,,,2021-06-23 17:48:54 UTC,2021-06-23 17:48:54 UTC
63028480,16337,18849,96059,"{""Filename"":""MO-MG403-W-A.jpg""}","{""0"":""https://panoptes-uploads.zooniverse.org/subject_location/e37fa5c4-2b30-4e64-96a3-c78ddf89c953.jpeg""}",0,,,2021-06-23 17:48:54 UTC,2021-06-23 17:48:54 UTC
63028482,16337,18849,96059,"{""Filename"":""MO-MG403-W-B.jpg""}","{""0"":""https://panoptes-uploads.zooniverse.org/subject_location/91df8cc8-4185-4af0-a43b-be48f0ed8429.jpeg""}",0,,,2021-06-23 17:48:54 UTC,2021-06-23 17:48:54 UTC
63028483,16337,18849,96059,"{""Filename"":""MO-MG404-E-A.jpg""}","{""0"":""https://panoptes-uploads.zooniverse.org/subject_location/7cb23a9b-b61c-4391-a371-be08b256fdbe.jpeg""}",0,,,2021-06-23 17:48:54 UTC,2021-06-23 17:48:54 UTC
63028484,16337,18849,96059,"{""Filename"":""MO-MG404-E-B.jpg""}","{""0"":""https://panoptes-uploads.zooniverse.org/subject_location/aab07209-cb2c-47f9-bcc8-44899e44d306.jpeg""}",0,,,2021-06-23 17:48:55 UTC,2021-06-23 17:48:55 UTC
63028485,16337,18849,96059,"{""Filename"":""MO-MG404-N-A.jpg""}","{""0"":""https://panoptes-uploads.zooniverse.org/subject_location/aceac214-27f9-4797-ad2f-8208d880b90e.jpeg""}",0,,,2021-06-23 17:48:55 UTC,2021-06-23 17:48:55 UTC
63028487,16337,18849,96059,"{""Filename"":""MO-MG404-N-B.jpg""}","{""0"":""https://panoptes-uploads.zooniverse.org/subject_location/31126da8-3c12-4f80-95ab-aeff27f64b81.jpeg""}",0,,,2021-06-23 17:48:55 UTC,2021-06-23 17:48:55 UTC
63028488,16337,18849,96059,"{""Filename"":""MO-MG404-S-A.jpg""}","{""0"":""https://panoptes-uploads.zooniverse.org/subject_location/1a8294dc-428d-41ae-b0ca-8e0d6828940b.jpeg""}",0,,,2021-06-23 17:48:55 UTC,2021-06-23 17:48:55 UTC
63028489,16337,18849,96059,"{""Filename"":""MO-MG404-S-B.jpg""}","{""0"":""https://panoptes-uploads.zooniverse.org/subject_location/b5ed76b6-f874-4798-b0f2-6d3011e9784b.jpeg""}",0,,,2021-06-23 17:48:55 UTC,2021-06-23 17:48:55 UTC
63028490,16337,18849,96059,"{""Filename"":""MO-MG404-W-A.jpg""}","{""0"":""https://panoptes-uploads.zooniverse.org/subject_location/2045dab0-d7f4-489d-8cd6-82ffd4d9ac67.jpeg""}",0,,,2021-06-23 17:48:56 UTC,2021-06-23 17:48:56 UTC
63028491,16337,18849,96059,"{""Filename"":""MO-MG404-W-B.jpg""}","{""0"":""https://panoptes-uploads.zooniverse.org/subject_location/2b35489e-a382-4ae2-8a55-6421a9a09fb4.jpeg""}",0,,,2021-06-23 17:48:56 UTC,2021-06-23 17:48:56 UTC
63028493,16337,18849,96059,"{""Filename"":""OH-MG799E-A.jpg""}","{""0"":""https://panoptes-uploads.zooniverse.org/subject_location/4ba90d63-8e65-475c-8ae7-4f82e228c0ff.jpeg""}",0,,,2021-06-23 17:48:56 UTC,2021-06-23 17:48:56 UTC
63028494,16337,18849,96059,"{""Filename"":""OH-MG799E-B.jpg""}","{""0"":""https://panoptes-uploads.zooniverse.org/subject_location/4ccd9c6c-d5b7-4141-8e85-1e3cbb5d7559.jpeg""}",0,,,2021-06-23 17:48:56 UTC,2021-06-23 17:48:56 UTC
63028495,16337,18849,96059,"{""Filename"":""OH-MG799N-B.jpg""}","{""0"":""https://panoptes-uploads.zooniverse.org/subject_location/72e9b867-cd35-462e-b9f8-79085a9ab80c.jpeg""}",0,,,2021-06-23 17:48:56 UTC,2021-06-23 17:48:56 UTC
63028497,16337,18849,96059,"{""Filename"":""OH-MG799S-A.jpg""}","{""0"":""https://panoptes-uploads.zooniverse.org/subject_location/ee1b5d49-7c8f-4238-b06c-7992f020c0a9.jpeg""}",0,,,2021-06-23 17:48:57 UTC,2021-06-23 17:48:57 UTC
63028498,16337,18849,96059,"{""Filename"":""OH-MG799S-B.jpg""}","{""0"":""https://panoptes-uploads.zooniverse.org/subject_location/4986eff1-e38e-4eff-89ea-2ea292e0ea72.jpeg""}",0,,,2021-06-23 17:48:57 UTC,2021-06-23 17:48:57 UTC
63028499,16337,18849,96059,"{""Filename"":""OH-MG799W-A.jpg""}","{""0"":""https://panoptes-uploads.zooniverse.org/subject_location/352b7993-75fd-4a35-bf99-95b52e7b3575.jpeg""}",0,,,2021-06-23 17:48:57 UTC,2021-06-23 17:48:57 UTC
63028501,16337,18849,96059,"{""Filename"":""OH-MG799W-B.jpg""}","{""0"":""https://panoptes-uploads.zooniverse.org/subject_location/a24fbc35-4e56-4457-a062-6e7d4e1d38e6.jpeg""}",0,,,2021-06-23 17:48:58 UTC,2021-06-23 17:48:58 UTC
63028502,16337,18849,96059,"{""Filename"":""OH-MG805E-A.jpg""}","{""0"":""https://panoptes-uploads.zooniverse.org/subject_location/b32f6514-f1c7-49bb-aebd-a326d37f746c.jpeg""}",0,,,2021-06-23 17:48:58 UTC,2021-06-23 17:48:58 UTC
63028503,16337,18849,96059,"{""Filename"":""OH-MG805E-B.jpg""}","{""0"":""https://panoptes-uploads.zooniverse.org/subject_location/f69bdbde-b619-441e-a7ee-8e60e467a509.jpeg""}",0,,,2021-06-23 17:48:58 UTC,2021-06-23 17:48:58 UTC
63028504,16337,18849,96059,"{""Filename"":""OH-MG805N-A.jpg""}","{""0"":""https://panoptes-uploads.zooniverse.org/subject_location/801615f5-8d43-4b20-af79-cc72f099c258.jpeg""}",0,,,2021-06-23 17:48:58 UTC,2021-06-23 17:48:58 UTC
63028506,16337,18849,96059,"{""Filename"":""OH-MG805N-B.jpg""}","{""0"":""https://panoptes-uploads.zooniverse.org/subject_location/6bb1f8f7-cbcb-4f7b-856f-c5e8101cec27.jpeg""}",0,,,2021-06-23 17:48:58 UTC,2021-06-23 17:48:58 UTC
63028507,16337,18849,96059,"{""Filename"":""OH-MG805S-A.jpg""}","{""0"":""https://panoptes-uploads.zooniverse.org/subject_location/3f6cb93f-625e-41c6-82d0-1bfae73fd332.jpeg""}",0,,,2021-06-23 17:48:59 UTC,2021-06-23 17:48:59 UTC
63028508,16337,18849,96059,"{""Filename"":""OH-MG805S-B.jpg""}","{""0"":""https://panoptes-uploads.zooniverse.org/subject_location/47d513c4-d64a-468f-87d0-94f666ee8e7a.jpeg""}",0,,,2021-06-23 17:48:59 UTC,2021-06-23 17:48:59 UTC
63028510,16337,18849,96059,"{""Filename"":""OH-MG805W-A.jpg""}","{""0"":""https://panoptes-uploads.zooniverse.org/subject_location/05bd1a99-57c4-46a6-8b8f-a93a70dc3f9f.jpeg""}",0,,,2021-06-23 17:49:00 UTC,2021-06-23 17:49:00 UTC
63028511,16337,18849,96059,"{""Filename"":""OH-MG805W-B.jpg""}","{""0"":""https://panoptes-uploads.zooniverse.org/subject_location/85160fe9-6001-416e-8fec-6d5784f47d52.jpeg""}",0,,,2021-06-23 17:49:00 UTC,2021-06-23 17:49:00 UTC
63028512,16337,18849,96059,"{""Filename"":""OK-MG282-E-A.jpg""}","{""0"":""https://panoptes-uploads.zooniverse.org/subject_location/413ce079-9182-414e-ab62-bff0e0587d36.jpeg""}",0,,,2021-06-23 17:49:00 UTC,2021-06-23 17:49:00 UTC
63028514,16337,18849,96059,"{""Filename"":""OK-MG282-E-B.jpg""}","{""0"":""https://panoptes-uploads.zooniverse.org/subject_location/d3c916f3-6128-4e8d-9fbe-db1ea735bf9e.jpeg""}",0,,,2021-06-23 17:49:01 UTC,2021-06-23 17:49:01 UTC
63028515,16337,18849,96059,"{""Filename"":""OK-MG282-N-A.jpg""}","{""0"":""https://panoptes-uploads.zooniverse.org/subject_location/b653223e-99df-4783-b154-b731a141ceea.jpeg""}",0,,,2021-06-23 17:49:01 UTC,2021-06-23 17:49:01 UTC
63028516,16337,18849,96059,"{""Filename"":""OK-MG282-N-B.jpg""}","{""0"":""https://panoptes-uploads.zooniverse.org/subject_location/b4ac27c9-b7f6-45bb-9505-bbe3c2a93d1a.jpeg""}",0,,,2021-06-23 17:49:01 UTC,2021-06-23 17:49:01 UTC
